"year","month","day","dep_time","dep_delay","arr_time","arr_delay","carrier","tailnum","flight","origin","dest","air_time","distance","hour","minute"
2014,1,1,1,96,235,70,"AS","N508AS",145,"PDX","ANC",194,1542,0,1
2014,1,1,4,-6,738,-23,"US","N195UW",1830,"SEA","CLT",252,2279,0,4
2014,1,1,8,13,548,-4,"UA","N37422",1609,"PDX","IAH",201,1825,0,8
2014,1,1,28,-2,800,-23,"US","N547UW",466,"PDX","CLT",251,2282,0,28
2014,1,1,34,44,325,43,"AS","N762AS",121,"SEA","ANC",201,1448,0,34
2014,1,1,37,82,747,88,"DL","N806DN",1823,"SEA","DTW",224,1927,0,37
2014,1,1,346,227,936,219,"UA","N14219",1481,"SEA","ORD",202,1721,3,46
2014,1,1,526,-4,1148,15,"UA","N813UA",229,"PDX","IAH",217,1825,5,26
2014,1,1,527,7,917,24,"UA","N75433",1576,"SEA","DEN",136,1024,5,27
2014,1,1,536,1,1334,-6,"UA","N574UA",478,"SEA","EWR",268,2402,5,36
2014,1,1,541,1,911,4,"UA","N36476",1569,"PDX","DEN",130,991,5,41
2014,1,1,549,24,907,12,"US","N548UW",649,"PDX","PHX",122,1009,5,49
2014,1,1,550,0,837,-12,"DL","N660DL",1634,"SEA","SLC",82,689,5,50
2014,1,1,557,-3,1134,-16,"AA","N3JLAA",1094,"SEA","DFW",184,1660,5,57
2014,1,1,557,-3,825,-25,"AS","N562AS",81,"SEA","ANC",188,1448,5,57
2014,1,1,558,-2,801,-2,"AS","N402AS",200,"SEA","SJC",100,697,5,58
2014,1,1,559,-1,916,-9,"F9","N210FR",796,"PDX","DEN",125,991,5,59
2014,1,1,600,0,1151,-19,"AA","N3JFAA",2240,"SEA","ORD",206,1721,6,0
2014,1,1,600,-10,842,-8,"AS","N786AS",426,"SEA","LAX",125,954,6,0
2014,1,1,602,-3,943,5,"F9","N201FR",144,"SEA","DEN",129,1024,6,2
2014,1,1,602,-3,1204,7,"UA","N77295",1573,"PDX","ORD",203,1739,6,2
2014,1,1,603,-2,755,-17,"AS","N577AS",344,"SEA","OAK",94,672,6,3
2014,1,1,603,-3,1202,-2,"UA","N37290",1136,"SEA","ORD",203,1721,6,3
2014,1,1,606,-4,806,-19,"AS","N525AS",308,"SEA","SFO",98,679,6,6
2014,1,1,606,6,746,3,"AS","N796AS",406,"PDX","SJC",87,569,6,6
2014,1,1,614,-1,850,-2,"AS","N607AS",524,"SEA","SNA",135,978,6,14
2014,1,1,617,2,850,-12,"AS","N579AS",494,"SEA","SAN",131,1050,6,17
2014,1,1,618,-2,1135,-30,"AA","N4XMAA",1650,"PDX","DFW",184,1616,6,18
2014,1,1,619,-6,822,-7,"VX","N841VA",751,"SEA","SFO",101,679,6,19
2014,1,1,620,-2,905,0,"OO","N804SK",4693,"SEA","LAX",125,954,6,20
2014,1,1,622,2,1412,-19,"UA","N36472",1021,"PDX","EWR",270,2434,6,22
2014,1,1,623,13,1218,-4,"UA","N72405",1101,"SEA","IAH",213,1874,6,23
2014,1,1,624,-6,1401,-6,"DL","N617DL",968,"SEA","ATL",235,2182,6,24
2014,1,1,629,-9,1014,-1,"UA","N566UA",883,"SEA","DEN",132,1024,6,29
2014,1,1,630,-10,834,-14,"OO","N219AG",3456,"PDX","BUR",105,817,6,30
2014,1,1,632,-3,1235,5,"WN","N8302F",3694,"SEA","MDW",204,1733,6,32
2014,1,1,637,-8,858,-7,"AS","N408AS",560,"PDX","LAX",108,834,6,37
2014,1,1,637,-3,854,-6,"AS","N588AS",572,"PDX","SAN",120,933,6,37
2014,1,1,638,-2,1003,-5,"AS","N508AS",646,"PDX","PHX",125,1009,6,38
2014,1,1,638,10,1408,-4,"UA","N526UA",250,"PDX","IAD",253,2327,6,38
2014,1,1,639,-1,918,3,"AS","N794AS",556,"SEA","PSP",130,987,6,39
2014,1,1,639,-1,1216,-10,"AS","N442AS",668,"SEA","DFW",189,1660,6,39
2014,1,1,639,4,1219,-11,"WN","N8308K",401,"PDX","MDW",207,1751,6,39
2014,1,1,647,-3,923,-2,"AS","N315AS",470,"SEA","LAX",124,954,6,47
2014,1,1,647,-3,1038,19,"AS","N553AS",682,"SEA","DEN",136,1024,6,47
2014,1,1,648,-7,1203,-9,"AS","N419AS",36,"SEA","MSP",164,1399,6,48
2014,1,1,648,-12,910,-11,"AS","N611AS",582,"PDX","SNA",122,859,6,48
2014,1,1,650,90,1037,91,"US","N626AW",460,"SEA","PHX",141,1107,6,50
2014,1,1,654,-6,1047,-33,"AS","N586AS",833,"PDX","HNL",327,2603,6,54
2014,1,1,654,-6,1455,-10,"DL","N686DA",418,"SEA","JFK",273,2422,6,54
2014,1,1,655,-5,1210,-7,"DL","N963DN",2090,"PDX","MSP",168,1426,6,55
2014,1,1,656,-4,1242,-28,"AA","N3KMAA",2218,"PDX","ORD",200,1739,6,56
2014,1,1,656,-4,853,8,"VX","N523VA",805,"PDX","SFO",82,550,6,56
2014,1,1,700,0,844,-1,"UA","N479UA",519,"PDX","SFO",80,550,7,0
2014,1,1,701,-4,918,-6,"AS","N618AS",606,"SEA","LAS",115,867,7,1
2014,1,1,701,1,1036,-9,"WN","N8318F",669,"SEA","PHX",133,1107,7,1
2014,1,1,702,-3,932,-8,"VX","N840VA",1780,"SEA","LAX",127,954,7,2
2014,1,1,702,-8,940,-2,"OO","N217AG",3472,"SEA","LGB",130,965,7,2
2014,1,1,704,-6,1245,-20,"AA","N3KNAA",1308,"SEA","DFW",188,1660,7,4
2014,1,1,704,-1,910,-9,"OO","N223AG",3460,"PDX","ONT",106,838,7,4
2014,1,1,705,0,931,9,"B6","N627JB",1121,"PDX","LGB",113,846,7,5
2014,1,1,706,6,952,-13,"AS","N306AS",726,"SEA","SLC",86,689,7,6
2014,1,1,708,-7,1510,-19,"AA","N3DNAA",236,"SEA","JFK",281,2422,7,8
2014,1,1,708,-2,1453,-20,"DL","N3772H",2258,"PDX","JFK",267,2454,7,8
2014,1,1,709,-1,915,-5,"AS","N558AS",332,"SEA","SJC",103,697,7,9
2014,1,1,709,9,1209,-4,"DL","N374NW",2314,"SEA","MSP",160,1399,7,9
2014,1,1,710,-5,906,-21,"AS","N309AS",244,"PDX","SFO",82,550,7,10
2014,1,1,712,-3,1013,-1,"DL","N355NW",2397,"SEA","SLC",85,689,7,12
2014,1,1,713,20,1317,10,"UA","N854UA",461,"SEA","IAH",218,1874,7,13
2014,1,1,715,0,944,-10,"AS","N617AS",478,"SEA","LAX",127,954,7,15
2014,1,1,715,-5,1055,-47,"AS","N536AS",855,"PDX","KOA",326,2607,7,15
2014,1,1,717,-3,1057,-11,"AS","N769AS",642,"SEA","PHX",134,1107,7,17
2014,1,1,722,-3,933,3,"WN","N407WN",947,"PDX","LAS",101,763,7,22
2014,1,1,726,1,1117,17,"WN","N603SW",2181,"SEA","DEN",133,1024,7,26
2014,1,1,728,-2,951,-7,"AS","N320AS",530,"SEA","ONT",124,956,7,28
2014,1,1,735,5,940,-9,"UA","N16732",1114,"SEA","SFO",104,679,7,35
2014,1,1,739,14,1003,-2,"AS","N518AS",240,"SEA","SAN",132,1050,7,39
2014,1,1,741,31,947,19,"AS","N431AS",222,"SEA","SFO",96,679,7,41
2014,1,1,745,5,1327,7,"WN","N924WN",3872,"SEA","MKE",200,1694,7,45
2014,1,1,749,-6,1013,-3,"AS","N627AS",522,"SEA","BUR",122,937,7,49
2014,1,1,754,-6,1011,-14,"AS","N706AS",568,"PDX","LAX",111,834,7,54
2014,1,1,757,52,855,45,"AS","N705AS",65,"SEA","KTN",100,680,7,57
2014,1,1,801,-4,932,-18,"WN","N447WN",48,"PDX","OAK",78,543,8,1
2014,1,1,802,-3,1533,-17,"AS","N532AS",742,"SEA","ATL",249,2182,8,2
2014,1,1,809,-1,1021,-8,"AS","N557AS",600,"SEA","LAS",115,867,8,9
2014,1,1,809,-6,1326,-5,"DL","N951DN",1588,"PDX","MSP",170,1426,8,9
2014,1,1,810,-10,1419,-11,"AA","N3DSAA",1236,"SEA","ORD",202,1721,8,10
2014,1,1,810,0,1604,-2,"AS","N514AS",4,"SEA","DCA",259,2329,8,10
2014,1,1,817,17,1045,-4,"AS","N529AS",83,"SEA","ANC",184,1448,8,17
2014,1,1,817,-3,1158,-7,"WN","N379SW",253,"SEA","ABQ",138,1180,8,17
2014,1,1,819,14,1343,-7,"AA","N4XPAA",1220,"PDX","DFW",178,1616,8,19
2014,1,1,821,10,1552,-8,"UA","N514UA",419,"SEA","IAD",250,2306,8,21
2014,1,1,824,-1,1546,-14,"DL","N633DL",128,"SEA","ATL",234,2182,8,24
2014,1,1,825,-5,1412,-3,"AA","N3BDAA",312,"SEA","DFW",183,1660,8,25
2014,1,1,825,25,1650,30,"AS","N551AS",16,"SEA","MCO",301,2554,8,25
2014,1,1,825,-5,1436,15,"AS","N305AS",28,"SEA","ORD",202,1721,8,25
2014,1,1,825,0,1352,10,"DL","N584NW",588,"SEA","MSP",162,1399,8,25
2014,1,1,827,2,1414,-16,"UA","N38446",1510,"PDX","IAH",210,1825,8,27
2014,1,1,829,-1,1228,-22,"AS","N563AS",861,"SEA","OGG",338,2640,8,29
2014,1,1,830,0,1206,-12,"US","N667AW",440,"SEA","PHX",132,1107,8,30
2014,1,1,833,-2,1351,-9,"WN","N200WN",41,"SEA","MCI",175,1489,8,33
2014,1,1,834,-1,1107,-7,"AS","N624AS",502,"SEA","SNA",136,978,8,34
2014,1,1,834,-1,1632,-9,"US","N650AW",553,"SEA","PHL",273,2378,8,34
2014,1,1,840,-5,1226,16,"WN","N940WN",644,"PDX","DEN",125,991,8,40
2014,1,1,843,-2,1159,-14,"US","N664AW",685,"PDX","PHX",122,1009,8,43
2014,1,1,845,0,1640,-9,"AS","N407AS",32,"SEA","PHL",263,2378,8,45
2014,1,1,846,-4,1114,-16,"WN","N772SW",223,"PDX","SLC",77,630,8,46
2014,1,1,857,7,1303,-22,"AS","N512AS",875,"SEA","LIH",338,2701,8,57
2014,1,1,916,36,1802,39,"AS","N528AS",34,"SEA","FLL",326,2717,9,16
2014,1,1,919,-6,1719,-16,"AS","N535AS",30,"PDX","BOS",276,2537,9,19
2014,1,1,919,39,1307,12,"HA","N383HA",21,"SEA","HNL",330,2677,9,19
2014,1,1,922,17,1718,4,"AS","N423AS",8,"SEA","EWR",272,2402,9,22
2014,1,1,923,13,1208,21,"AS","N615AS",558,"SEA","PSP",134,987,9,23
2014,1,1,925,-2,1106,-17,"OO","N918SW",6307,"PDX","SFO",85,550,9,25
2014,1,1,934,-1,1743,-12,"AS","N593AS",12,"SEA","BOS",276,2496,9,34
2014,1,1,938,-2,1637,-14,"DL","N378NW",2424,"SEA","DTW",220,1927,9,38
2014,1,1,944,-6,1727,-8,"AS","N548AS",752,"PDX","ATL",252,2172,9,44
2014,1,1,946,-4,1220,-38,"AS","N793AS",131,"PDX","ANC",197,1542,9,46
2014,1,1,947,-3,1145,-10,"VX","N530VA",753,"SEA","SFO",103,679,9,47
2014,1,1,949,-6,1148,-18,"AS","N756AS",314,"SEA","SFO",100,679,9,49
2014,1,1,949,-1,1108,-12,"WN","N701GS",3572,"PDX","SMF",65,479,9,49
2014,1,1,951,-4,1716,-24,"AS","N583AS",764,"PDX","DCA",252,2350,9,51
2014,1,1,952,-3,1223,-14,"AS","N791AS",238,"SEA","SAN",135,1050,9,52
2014,1,1,952,7,1345,10,"AS","N609AS",644,"SEA","PHX",138,1107,9,52
2014,1,1,953,-2,1339,12,"AS","N625AS",680,"SEA","DEN",125,1024,9,53
2014,1,1,956,-4,1358,-12,"HA","N390HA",29,"SEA","OGG",337,2640,9,56
2014,1,1,959,59,1211,51,"AS","N409AS",614,"SEA","LAS",113,867,9,59
2014,1,1,959,164,1137,157,"AS","N534AS",805,"SEA","SMF",77,605,9,59
2014,1,1,1001,1,1157,-5,"AS","N546AS",346,"SEA","OAK",98,672,10,1
2014,1,1,1005,-5,1608,2,"AS","N619AS",686,"PDX","ORD",222,1739,10,5
2014,1,1,1008,68,1242,64,"AS","N788AS",456,"SEA","LAX",129,954,10,8
2014,1,1,1011,-4,1535,-29,"AS","N585AS",658,"PDX","DFW",178,1616,10,11
2014,1,1,1014,-1,1429,-11,"AS","N594AS",843,"SEA","KOA",346,2688,10,14
2014,1,1,1014,-1,1357,-23,"HA","N386HA",25,"PDX","HNL",324,2603,10,14
2014,1,1,1014,75,1613,81,"UA","N37408",1444,"SEA","ORD",201,1721,10,14
2014,1,1,1021,-9,1347,-10,"AS","N318AS",640,"PDX","PHX",126,1009,10,21
2014,1,1,1022,-3,1309,-6,"DL","N3757D",1857,"SEA","SLC",84,689,10,22
2014,1,1,1023,-7,1407,-38,"AS","N589AS",803,"PDX","LIH",331,2631,10,23
2014,1,1,1027,-2,1242,-16,"OO","N982SW",6518,"PDX","LAX",115,834,10,27
2014,1,1,1028,-12,1533,-12,"OO","N216AG",3468,"SEA","OMA",162,1368,10,28
2014,1,1,1034,14,1633,6,"AS","N413AS",730,"SEA","IAH",214,1874,10,34
2014,1,1,1036,81,1408,63,"OO","N218AG",3466,"PDX","TUS",134,1119,10,36
2014,1,1,1037,2,1452,-13,"AS","N538AS",851,"SEA","HNL",339,2677,10,37
2014,1,1,1039,4,1325,-5,"WN","N262WN",490,"SEA","SLC",87,689,10,39
2014,1,1,1043,-8,1226,-13,"OO","N937SW",5243,"PDX","SFO",87,550,10,43
2014,1,1,1045,10,1311,-14,"AS","N564AS",127,"SEA","ANC",181,1448,10,45
2014,1,1,1045,40,1303,40,"AS","N614AS",580,"PDX","SNA",123,859,10,45
2014,1,1,1052,-3,1316,-9,"VX","N844VA",784,"SEA","LAX",126,954,10,52
2014,1,1,1052,2,1603,-2,"WN","N756SA",899,"PDX","MCI",174,1482,10,52
2014,1,1,1054,94,1807,84,"DL","N377DA",1502,"PDX","ATL",237,2172,10,54
2014,1,1,1055,-5,1312,-1,"AS","N796AS",564,"PDX","LAX",115,834,10,55
2014,1,1,1056,-4,1318,-16,"B6","N646JB",107,"SEA","LGB",126,965,10,56
2014,1,1,1059,44,1325,32,"DL","N335NB",2189,"PDX","SLC",75,630,10,59
2014,1,1,1102,2,1307,-13,"AS","N549AS",316,"SEA","SFO",98,679,11,2
2014,1,1,1102,2,1425,-5,"WN","N697SW",1537,"PDX","PHX",127,1009,11,2
2014,1,1,1105,15,1319,5,"OO","N215AG",3482,"SEA","SBA",114,908,11,5
2014,1,1,1105,3,1651,-4,"UA","N15712",1281,"SEA","ORD",198,1721,11,5
2014,1,1,1111,16,1434,7,"UA","N27239",1083,"SEA","DEN",122,1024,11,11
2014,1,1,1113,-2,1638,-27,"AA","N3GJAA",1311,"SEA","DFW",184,1660,11,13
2014,1,1,1113,-2,1427,-8,"WN","N293WN",3042,"PDX","DEN",121,991,11,13
2014,1,1,1117,37,1436,36,"F9","N221FR",788,"PDX","DEN",121,991,11,17
2014,1,1,1119,-1,1246,-11,"AS","N708AS",75,"SEA","JNU",129,909,11,19
2014,1,1,1122,41,1451,41,"F9","N220FR",138,"SEA","DEN",126,1024,11,22
2014,1,1,1123,-2,1442,-12,"US","N803AW",634,"PDX","PHX",121,1009,11,23
2014,1,1,1126,-4,1916,-19,"US","N196UW",2019,"SEA","PHL",267,2378,11,26
2014,1,1,1127,57,1400,52,"OO","N824SK",4564,"SEA","LAX",122,954,11,27
2014,1,1,1130,60,1646,56,"AS","N552AS",762,"SEA","MCI",177,1489,11,30
2014,1,1,1130,0,1324,-11,"WN","N726SW",4444,"PDX","LAS",103,763,11,30
2014,1,1,1131,1,1337,2,"WN","N900WN",3603,"SEA","OAK",101,672,11,31
2014,1,1,1132,-8,1839,0,"DL","N374DA",2123,"PDX","DTW",219,1953,11,32
2014,1,1,1135,-5,1422,5,"AS","N537AS",500,"SEA","SNA",126,978,11,35
2014,1,1,1136,11,1349,19,"OO","N784SK",5214,"SEA","SFO",102,679,11,36
2014,1,1,1137,52,1408,45,"AS","N433AS",460,"SEA","LAX",129,954,11,37
2014,1,1,1139,104,1335,85,"UA","N802UA",698,"SEA","SFO",94,679,11,39
2014,1,1,1144,-1,1729,-11,"AS","N303AS",656,"SEA","AUS",202,1770,11,44
2014,1,1,1145,13,1649,6,"DL","N3744F",1380,"SEA","MSP",159,1399,11,45
2014,1,1,1147,17,1415,24,"AS","N565AS",578,"PDX","SAN",119,933,11,47
2014,1,1,1147,-3,1349,-6,"OO","N693BR",3496,"SEA","FAT",97,748,11,47
2014,1,1,1148,-2,1411,1,"OO","N625CA",4469,"PDX","LAX",116,834,11,48
2014,1,1,1150,4,1400,-1,"B6","N789JB",1521,"PDX","LGB",115,846,11,50
2014,1,1,1153,-2,1750,14,"AS","N524AS",754,"SEA","STL",193,1709,11,53
2014,1,1,1156,1,1315,-5,"WN","N774SW",361,"PDX","SMF",67,479,11,56
2014,1,1,1156,0,1235,-3,"OO","N237SW",5325,"PDX","RDM",27,116,11,56
2014,1,1,1158,6,1915,-14,"DL","N6712B",1962,"SEA","ATL",234,2182,11,58
2014,1,1,1158,16,1241,19,"OO","N295SW",5438,"PDX","EUG",27,106,11,58
2014,1,1,1201,-4,1340,-10,"VX","N523VA",817,"PDX","SFO",85,550,12,1
2014,1,1,1201,-1,1816,11,"UA","N424UA",277,"PDX","IAH",212,1825,12,1
2014,1,1,1202,-3,1834,19,"AA","N3HMAA",1628,"SEA","ORD",202,1721,12,2
2014,1,1,1203,-7,1456,8,"AS","N626AS",484,"SEA","SAN",134,1050,12,3
2014,1,1,1203,13,1429,14,"WN","N788SA",3390,"SEA","LAS",117,867,12,3
2014,1,1,1209,-6,1413,-9,"AS","N556AS",324,"SEA","SJC",103,697,12,9
2014,1,1,1209,-6,1417,-4,"OO","N219AG",3454,"PDX","BUR",109,817,12,9
2014,1,1,1212,11,1808,-5,"UA","N513UA",674,"SEA","IAH",209,1874,12,12
2014,1,1,1215,5,1353,-2,"WN","N615SW",1049,"PDX","SJC",86,569,12,15
2014,1,1,1220,15,1544,9,"WN","N613SW",3518,"PDX","ABQ",132,1111,12,20
2014,1,1,1223,-2,1625,12,"AS","N523AS",648,"SEA","TUS",146,1216,12,23
2014,1,1,1223,57,1814,54,"UA","N470UA",646,"PDX","ORD",201,1739,12,23
2014,1,1,1228,-2,1427,-8,"AS","N767AS",312,"SEA","SFO",101,679,12,28
2014,1,1,1231,21,1822,27,"AA","N4YRAA",1568,"PDX","DFW",194,1616,12,31
2014,1,1,1233,-2,1446,-12,"AS","N440AS",610,"SEA","LAS",116,867,12,33
2014,1,1,1235,-5,1822,-20,"AS","N587AS",692,"SEA","SAT",201,1774,12,35
2014,1,1,1237,37,1604,14,"WN","N961WN",3696,"SEA","PHX",131,1107,12,37
2014,1,1,1238,78,1614,39,"AS","N560AS",809,"PDX","OGG",322,2562,12,38
2014,1,1,1238,68,1606,62,"OO","N947SW",5576,"PDX","DEN",126,991,12,38
2014,1,1,1239,34,1605,25,"WN","N8317M",3300,"SEA","DEN",126,1024,12,39
2014,1,1,1242,-3,1515,-20,"AS","N568AS",113,"SEA","ANC",180,1448,12,42
2014,1,1,1242,70,1617,58,"US","N625AW",614,"SEA","PHX",134,1107,12,42
2014,1,1,1243,-7,1440,0,"AS","N607AS",388,"PDX","SFO",86,550,12,43
2014,1,1,1245,-10,1454,-3,"AS","N622AS",622,"PDX","LAS",105,763,12,45
2014,1,1,1245,98,1345,103,"OO","N229SW",5397,"PDX","SEA",40,129,12,45
2014,1,1,1250,45,1342,42,"AS","N644AS",674,"SEA","GEG",35,224,12,50
2014,1,1,1251,-9,1752,-26,"DL","N949DN",1950,"SEA","MSP",161,1399,12,51
2014,1,1,1253,-7,1808,-8,"DL","N964DN",2164,"PDX","MSP",174,1426,12,53
2014,1,1,1254,49,1524,35,"OO","N925SW",6371,"SEA","LAX",126,954,12,54
2014,1,1,1255,30,1434,24,"WN","N383SW",806,"PDX","OAK",81,543,12,55
2014,1,1,1258,25,1438,12,"UA","N464UA",353,"PDX","SFO",81,550,12,58
2014,1,1,1258,44,1450,21,"UA","N498UA",842,"SEA","SFO",94,679,12,58
2014,1,1,1259,-1,1536,1,"AS","N703AS",554,"SEA","PSP",136,987,12,59
2014,1,1,1302,-3,1836,-15,"AS","N403AS",664,"SEA","DFW",183,1660,13,2
2014,1,1,1303,28,1912,39,"AS","N307AS",22,"SEA","ORD",202,1721,13,3
2014,1,1,1303,3,1810,-10,"AS","N558AS",38,"SEA","MSP",168,1399,13,3
2014,1,1,1305,5,1536,-17,"UA","N38454",1192,"SEA","ANC",187,1448,13,5
2014,1,1,1308,38,1446,31,"WN","N385SW",407,"SEA","SMF",83,605,13,8
2014,1,1,1309,-6,1558,-11,"DL","N324US",2157,"SEA","SLC",85,689,13,9
2014,1,1,1309,19,1447,17,"WN","N936WN",518,"SEA","RNO",74,564,13,9
2014,1,1,1310,-5,1523,-7,"OO","N223AG",3478,"PDX","LGB",117,846,13,10
2014,1,1,1314,-6,1547,-13,"DL","N355NW",2093,"PDX","SLC",77,630,13,14
2014,1,1,1320,0,1604,-21,"AS","N531AS",724,"SEA","SLC",86,689,13,20
2014,1,1,1321,-4,1550,-35,"AS","N612AS",123,"SEA","FAI",191,1533,13,21
2014,1,1,1323,-2,2038,-15,"DL","N393DA",773,"PDX","ATL",235,2172,13,23
2014,1,1,1323,3,2102,-12,"US","N199UW",1897,"SEA","CLT",254,2279,13,23
2014,1,1,1325,5,1518,-7,"WN","N444WN",425,"PDX","LAS",103,763,13,25
2014,1,1,1326,-6,1509,-16,"UA","N832UA",367,"PDX","SFO",86,550,13,26
2014,1,1,1327,2,1526,1,"WN","N498WN",1356,"SEA","OAK",99,672,13,27
2014,1,1,1331,-4,1632,-16,"OO","N217AG",3452,"SEA","HDN",105,891,13,31
2014,1,1,1340,-5,1452,-13,"WN","N436WN",103,"PDX","RNO",59,444,13,40
2014,1,1,1347,-3,1533,-2,"AS","N306AS",362,"SEA","SMF",82,605,13,47
2014,1,1,1349,10,1547,-3,"UA","N79279",1299,"SEA","SFO",101,679,13,49
2014,1,1,1351,-4,1621,-9,"AS","N794AS",532,"SEA","ONT",130,956,13,51
2014,1,1,1400,-5,1745,2,"AS","N611AS",670,"SEA","DEN",136,1024,14,0
2014,1,1,1404,97,1500,104,"OO","N229SW",5342,"SEA","PDX",33,129,14,4
2014,1,1,1405,-5,2143,-13,"AS","N525AS",2,"SEA","DCA",261,2329,14,5
2014,1,1,1405,0,1619,4,"AS","N579AS",318,"SEA","SFO",103,679,14,5
2014,1,1,1422,57,2047,72,"AA","N3DPAA",115,"PDX","ORD",200,1739,14,22
2014,1,1,1422,-3,1655,-3,"AS","N799AS",516,"SEA","SNA",135,978,14,22
2014,1,1,1424,14,1802,10,"AS","N317AS",652,"SEA","PHX",133,1107,14,24
2014,1,1,1426,36,2014,34,"AA","N3JKAA",2269,"SEA","DFW",193,1660,14,26
2014,1,1,1429,-1,1643,-7,"AS","N320AS",608,"SEA","LAS",119,867,14,29
2014,1,1,1434,27,2218,8,"B6","N564JB",598,"SEA","BOS",269,2496,14,34
2014,1,1,1438,13,1706,6,"AS","N706AS",454,"SEA","LAX",126,954,14,38
2014,1,1,1439,29,1713,23,"AS","N760AS",486,"SEA","SAN",136,1050,14,39
2014,1,1,1450,49,2101,66,"UA","N69806",1584,"PDX","ORD",198,1739,14,50
2014,1,1,1452,-3,1554,1,"AS","N769AS",67,"SEA","KTN",108,680,14,52
2014,1,1,1453,-2,1702,-9,"AS","N508AS",570,"PDX","LAX",111,834,14,53
2014,1,1,1458,-7,1714,-9,"AS","N627AS",528,"SEA","BUR",124,937,14,58
2014,1,1,1500,50,1633,38,"WN","N217JC",3255,"PDX","SJC",84,569,15,0
2014,1,1,1504,24,1842,17,"US","N156UW",2026,"SEA","PHX",137,1107,15,4
2014,1,1,1508,43,2141,86,"WN","N8617E",576,"SEA","MDW",209,1733,15,8
2014,1,1,1516,54,2112,54,"UA","N407UA",998,"SEA","ORD",193,1721,15,16
2014,1,1,1517,96,1612,98,"OO","N229SW",5423,"PDX","SEA",40,129,15,17
2014,1,1,1519,37,1851,41,"F9","N216FR",140,"SEA","DEN",136,1024,15,19
2014,1,1,1520,1,1848,2,"UA","N75429",1051,"PDX","DEN",127,991,15,20
2014,1,1,1527,12,1738,-2,"WN","N275WN",868,"SEA","LAS",116,867,15,27
2014,1,1,1531,36,1906,46,"WN","N761RR",786,"PDX","DEN",127,991,15,31
2014,1,1,1537,-9,1817,-13,"OO","N912SW",6527,"SEA","LAX",132,954,15,37
2014,1,1,1540,5,1814,-6,"AS","N797AS",101,"SEA","ANC",197,1448,15,40
2014,1,1,1541,-4,2330,-13,"AS","N419AS",14,"SEA","EWR",266,2402,15,41
2014,1,1,1543,-7,1813,8,"AS","N615AS",592,"PDX","SNA",121,859,15,43
2014,1,1,1545,10,2114,4,"AA","N565AA",157,"PDX","DFW",180,1616,15,45
2014,1,1,1545,15,1621,9,"OO","N295SW",5331,"PDX","RDM",25,116,15,45
2014,1,1,1554,64,1905,55,"F9","N202FR",792,"PDX","DEN",118,991,15,54
2014,1,1,1554,39,1912,27,"US","N631AW",500,"PDX","PHX",123,1009,15,54
2014,1,1,1557,92,2146,71,"AA","N3CVAA",125,"SEA","ORD",200,1721,15,57
2014,1,1,1608,23,2147,17,"AA","N3AMAA",2248,"SEA","DFW",187,1660,16,8
2014,1,1,1616,-9,1841,-14,"VX","N529VA",796,"SEA","LAX",125,954,16,16
2014,1,1,1617,67,1953,58,"WN","N488WN",1374,"SEA","PHX",140,1107,16,17
2014,1,1,1618,23,1858,8,"WN","N274WN",3932,"SEA","SLC",86,689,16,18
2014,1,1,1621,6,1,-14,"UA","N12216",1710,"SEA","EWR",261,2402,16,21
2014,1,1,1626,26,1821,23,"AS","N756AS",338,"SEA","OAK",98,672,16,26
2014,1,1,1627,17,1854,4,"WN","N784SW",20,"PDX","SLC",79,630,16,27
2014,1,1,1627,83,1728,95,"OO","N229SW",5417,"SEA","PDX",37,129,16,27
2014,1,1,1629,4,1834,-1,"OO","N215AG",3494,"PDX","SBA",105,784,16,29
2014,1,1,1632,102,2019,114,"WN","N660SW",1556,"SEA","DEN",128,1024,16,32
2014,1,1,1632,206,3,183,"UA","N36272",1148,"SEA","IAD",248,2306,16,32
2014,1,1,1633,43,1849,43,"AS","N788AS",588,"PDX","PSP",118,873,16,33
2014,1,1,1637,2,1915,-5,"OO","N823SK",4520,"PDX","SLC",78,630,16,37
2014,1,1,1638,8,1824,15,"AS","N614AS",402,"PDX","SJC",86,569,16,38
2014,1,1,1639,4,1908,-8,"AS","N409AS",466,"SEA","LAX",128,954,16,39
2014,1,1,1641,1,2041,-19,"AS","N530AS",867,"SEA","OGG",340,2640,16,41
2014,1,1,1659,-1,1931,7,"DL","N380DA",2410,"SEA","LAX",122,954,16,59
2014,1,1,1700,0,2109,-21,"AS","N562AS",899,"SEA","HNL",334,2677,17,0
2014,1,1,1708,177,2307,164,"UA","N75410",1246,"SEA","IAH",216,1874,17,8
2014,1,1,1712,-3,1911,-9,"VX","N836VA",755,"SEA","SFO",100,679,17,12
2014,1,1,1712,47,1913,38,"OO","N218AG",3462,"PDX","ONT",109,838,17,12
2014,1,1,1713,43,1848,33,"WN","N939WN",931,"SEA","SMF",78,605,17,13
2014,1,1,1720,0,1932,-6,"OO","N815SK",4684,"PDX","LAX",112,834,17,20
2014,1,1,1721,66,1919,59,"WN","N959WN",577,"SEA","OAK",99,672,17,21
2014,1,1,1722,47,1923,40,"UA","N27421",1137,"SEA","SFO",102,679,17,22
2014,1,1,1728,78,1926,71,"WN","N472WN",839,"PDX","LAS",105,763,17,28
2014,1,1,1735,-2,2021,13,"B6","N613JB",1007,"SEA","LGB",138,965,17,35
2014,1,1,1741,-4,1953,-8,"AS","N318AS",562,"PDX","LAX",109,834,17,41
2014,1,1,1743,3,2139,-26,"AS","N597AS",877,"SEA","KOA",337,2688,17,43
2014,1,1,1743,-2,1949,-2,"OO","N219AG",3488,"PDX","BUR",111,817,17,43
2014,1,1,1744,8,1842,13,"OO","N229SW",5417,"PDX","SEA",36,129,17,44
2014,1,1,1749,4,2127,-5,"US","N622AW",524,"SEA","PHX",136,1107,17,49
2014,1,1,1751,144,1928,135,"UA","N802UA",212,"PDX","SFO",81,550,17,51
2014,1,1,1756,31,2025,30,"AS","N644AS",514,"SEA","SNA",132,978,17,56
2014,1,1,1756,-4,2118,-12,"US","N655AW",577,"PDX","PHX",127,1009,17,56
2014,1,1,1759,-1,1934,-11,"VX","N523VA",813,"PDX","SFO",80,550,17,59
2014,1,1,1802,-3,2355,2,"AS","N442AS",26,"SEA","ORD",200,1721,18,2
2014,1,1,1803,18,2015,13,"DL","N389DA",2449,"SEA","LAS",115,867,18,3
2014,1,1,1807,19,1951,11,"OO","N938SW",5553,"PDX","SFO",82,550,18,7
2014,1,1,1808,73,1930,70,"WN","N367SW",747,"PDX","SMF",69,479,18,8
2014,1,1,1811,21,2147,-12,"DL","N590NW",2237,"SEA","HNL",317,2677,18,11
2014,1,1,1814,-6,2222,-33,"AS","N559AS",859,"SEA","HNL",336,2677,18,14
2014,1,1,1819,4,2051,-12,"AS","N433AS",109,"SEA","ANC",191,1448,18,19
2014,1,1,1819,-5,2025,-14,"B6","N662JB",1621,"PDX","LGB",113,846,18,19
2014,1,1,1821,15,2135,2,"UA","N524UA",550,"PDX","DEN",111,991,18,21
2014,1,1,1825,0,2108,1,"AS","N549AS",464,"SEA","LAX",122,954,18,25
2014,1,1,1829,-11,2222,-33,"AS","N565AS",863,"PDX","OGG",329,2562,18,29
2014,1,1,1835,-5,2037,-8,"AS","N792AS",302,"SEA","SFO",101,679,18,35
2014,1,1,1835,105,2015,105,"WN","N389SW",568,"PDX","OAK",87,543,18,35
2014,1,1,1836,-10,2125,-4,"OO","N953SW",6316,"SEA","LAX",132,954,18,36
2014,1,1,1839,55,2158,42,"UA","N12225",1248,"SEA","DEN",118,1024,18,39
2014,1,1,1841,-4,2123,-2,"AS","N537AS",480,"SEA","SAN",135,1050,18,41
2014,1,1,1841,-4,2109,-8,"AS","N607AS",510,"SEA","SNA",131,978,18,41
2014,1,1,1847,7,1949,6,"AS","N708AS",69,"SEA","KTN",99,680,18,47
2014,1,1,1850,-5,2027,-17,"AS","N556AS",381,"SEA","SMF",79,605,18,50
2014,1,1,1850,-5,2228,-13,"AS","N609AS",630,"SEA","PHX",137,1107,18,50
2014,1,1,1851,-4,2052,-2,"AS","N622AS",620,"PDX","LAS",103,763,18,51
2014,1,1,1851,21,2029,19,"WN","N380SW",348,"PDX","SJC",87,569,18,51
2014,1,1,1852,-3,2101,3,"AS","N306AS",328,"SEA","SJC",102,697,18,52
2014,1,1,1857,42,2053,33,"WN","N240WN",286,"SEA","SJC",100,697,18,57
2014,1,1,1858,-2,2056,-4,"AS","N529AS",379,"PDX","SFO",84,550,18,58
2014,1,1,1859,-1,2117,-13,"OO","N925SW",6250,"PDX","LAX",115,834,18,59
2014,1,1,1901,66,2107,72,"WN","N7724A",958,"SEA","OAK",95,672,19,1
2014,1,1,1901,1,105,-11,"UA","N76269",1496,"SEA","IAH",221,1874,19,1
2014,1,1,1906,11,2102,3,"VX","N842VA",759,"SEA","SFO",96,679,19,6
2014,1,1,1906,1,2006,12,"OO","N229SW",5424,"SEA","PDX",31,129,19,6
2014,1,1,1915,10,2122,-13,"WN","N697SW",1715,"SEA","LAS",114,867,19,15
2014,1,1,1921,56,2038,48,"WN","N353SW",718,"PDX","SMF",66,479,19,21
2014,1,1,1922,32,2132,20,"AS","N305AS",616,"SEA","LAS",114,867,19,22
2014,1,1,1925,90,2246,81,"WN","N493WN",1115,"PDX","PHX",129,1009,19,25
2014,1,1,1930,-5,2146,-11,"AS","N596AS",520,"SEA","BUR",123,937,19,30
2014,1,1,1930,0,2250,-6,"AS","N626AS",672,"SEA","DEN",122,1024,19,30
2014,1,1,1934,-6,2238,23,"AS","N625AS",476,"SEA","LAX",125,954,19,34
2014,1,1,1936,8,2119,-2,"UA","N402UA",995,"PDX","SFO",82,550,19,36
2014,1,1,1939,-6,2205,-14,"AS","N553AS",518,"SEA","SNA",129,978,19,39
2014,1,1,1941,27,2140,10,"UA","N36469",1173,"SEA","SFO",98,679,19,41
2014,1,1,1942,82,2304,69,"OO","N216AG",3498,"SEA","COS",123,1068,19,42
2014,1,1,1949,79,2117,67,"WN","N961WN",3963,"PDX","OAK",76,543,19,49
2014,1,1,1954,-10,2134,-22,"OO","N471CA",5659,"PDX","SFO",84,550,19,54
2014,1,1,1957,-3,2044,-13,"AS","N624AS",694,"SEA","GEG",35,224,19,57
2014,1,1,1958,3,2229,-17,"AS","N440AS",129,"SEA","FAI",198,1533,19,58
2014,1,1,2001,6,2144,10,"AS","N585AS",404,"PDX","SJC",84,569,20,1
2014,1,1,2009,-6,2212,-1,"OO","N217AG",3490,"SEA","FAT",97,748,20,9
2014,1,1,2010,-10,2347,-12,"AS","N793AS",632,"SEA","PHX",140,1107,20,10
2014,1,1,2012,-3,2219,-6,"OO","N223AG",3464,"PDX","ONT",110,838,20,12
2014,1,1,2014,-6,2328,-28,"US","N662AW",581,"PDX","PHX",120,1009,20,14
2014,1,1,2018,3,2252,-8,"AS","N703AS",111,"SEA","ANC",197,1448,20,18
2014,1,1,2018,48,2151,36,"WN","N774SW",520,"SEA","SMF",80,605,20,18
2014,1,1,2020,30,2316,18,"AS","N516AS",137,"PDX","ANC",208,1542,20,20
2014,1,1,2022,-3,2353,-17,"US","N627AW",626,"SEA","PHX",133,1107,20,22
2014,1,1,2026,-4,2226,-2,"AS","N531AS",226,"SEA","SJC",102,697,20,26
2014,1,1,2034,-7,2242,-12,"OO","N967SW",6426,"SEA","SFO",103,679,20,34
2014,1,1,2038,78,2348,68,"F9","N934FR",794,"PDX","DEN",114,991,20,38
2014,1,1,2043,-2,2307,1,"AS","N786AS",574,"PDX","SAN",126,933,20,43
2014,1,1,2050,10,2311,-3,"AS","N618AS",472,"SEA","LAX",120,954,20,50
2014,1,1,2058,18,2320,5,"VX","N625VA",798,"SEA","LAX",121,954,20,58
2014,1,1,2108,-2,2347,-16,"UA","N17229",1603,"SEA","ANC",200,1448,21,8
2014,1,1,2110,-5,2326,-10,"AS","N319AS",618,"SEA","LAS",113,867,21,10
2014,1,1,2118,13,2350,10,"AS","N533AS",488,"SEA","SAN",134,1050,21,18
2014,1,1,2121,-4,2326,-8,"AS","N552AS",300,"SEA","SFO",98,679,21,21
2014,1,1,2122,-8,2327,-4,"AS","N619AS",624,"PDX","LAS",101,763,21,22
2014,1,1,2129,16,513,-2,"UA","N73275",156,"SEA","EWR",267,2402,21,29
2014,1,1,2130,13,531,16,"B6","N635JB",1206,"PDX","JFK",274,2454,21,30
2014,1,1,2132,2,2330,0,"AS","N611AS",358,"SEA","OAK",95,672,21,32
2014,1,1,2136,-4,3,-11,"AS","N523AS",450,"SEA","LAX",122,954,21,36
2014,1,1,2138,8,17,0,"AS","N413AS",731,"SEA","ANC",190,1448,21,38
2014,1,1,2153,123,2350,120,"WN","N614SW",304,"SEA","OAK",99,672,21,53
2014,1,1,2158,-7,627,2,"AS","N558AS",24,"SEA","BOS",284,2496,21,58
2014,1,1,2202,-3,622,-18,"AA","N5CSAA",1070,"SEA","MIA",302,2724,22,2
2014,1,1,2213,83,31,77,"AS","N713AS",536,"SEA","ONT",123,956,22,13
2014,1,1,2216,1,601,-7,"US","N560UW",1818,"SEA","PHL",263,2378,22,16
2014,1,1,2217,17,48,-4,"AS","N756AS",117,"SEA","ANC",197,1448,22,17
2014,1,1,2221,1,2308,11,"OO","N229SW",5440,"PDX","RDM",28,116,22,21
2014,1,1,2221,-4,550,-30,"US","N571UW",467,"PDX","CLT",250,2282,22,21
2014,1,1,2222,-3,611,2,"US","N181UW",1944,"SEA","CLT",262,2279,22,22
2014,1,1,2227,167,140,155,"F9","N218FR",142,"SEA","DEN",116,1024,22,27
2014,1,1,2229,-1,2336,-5,"OO","N295SW",5437,"PDX","LMT",50,241,22,29
2014,1,1,2237,-1,623,-4,"UA","N573UA",583,"PDX","EWR",261,2434,22,37
2014,1,1,2249,9,611,2,"DL","N126DL",2188,"SEA","ATL",239,2182,22,49
2014,1,1,2253,8,611,4,"DL","N371DA",503,"PDX","ATL",240,2172,22,53
2014,1,1,2259,72,659,70,"B6","N505JB",498,"SEA","BOS",282,2496,22,59
2014,1,1,2259,-5,442,-18,"UA","N29717",1632,"PDX","ORD",196,1739,22,59
2014,1,1,2300,-5,159,-11,"AS","N788AS",125,"SEA","FAI",205,1533,23,0
2014,1,1,2303,14,447,0,"UA","N38454",1617,"SEA","ORD",198,1721,23,3
2014,1,1,2306,6,142,-3,"AS","N617AS",103,"SEA","ANC",194,1448,23,6
2014,1,1,2306,6,9,11,"AS","N627AS",698,"SEA","GEG",36,224,23,6
2014,1,1,2312,13,706,7,"DL","N727TW",1542,"SEA","JFK",268,2422,23,12
2014,1,1,2313,45,516,42,"UA","N73278",1129,"SEA","IAH",212,1874,23,13
2014,1,1,2321,1,443,-17,"AA","N3ABAA",1230,"SEA","DFW",185,1660,23,21
2014,1,1,2324,26,729,34,"B6","N593JB",264,"SEA","JFK",273,2422,23,24
2014,1,1,2333,67,721,70,"UA","N77530",1100,"SEA","IAD",261,2306,23,33
2014,1,1,2355,8,540,-13,"UA","N23707",1282,"SEA","IAH",208,1874,23,55
2014,1,1,2356,136,137,131,"AS","N587AS",372,"SEA","SMF",79,605,23,56
2014,1,1,2357,7,523,-12,"AS","N407AS",660,"SEA","DFW",188,1660,23,57
2014,1,1,2359,27,717,31,"UA","N818UA",407,"SEA","CLE",235,2021,23,59
2014,1,1,NA,NA,NA,NA,"AS","N763AS",61,"SEA","JNU",NA,909,NA,NA
2014,1,1,NA,NA,NA,NA,"OO","N237SW",5428,"PDX","SEA",NA,129,NA,NA
2014,1,1,NA,NA,NA,NA,"OO","N237SW",5325,"SEA","PDX",NA,129,NA,NA
2014,1,1,NA,NA,NA,NA,"OO","N585SW",5353,"PDX","EUG",NA,106,NA,NA
2014,1,1,NA,NA,NA,NA,"OO","N295SW",5438,"SEA","PDX",NA,129,NA,NA
2014,1,1,NA,NA,NA,NA,"OO","N295SW",5379,"PDX","SEA",NA,129,NA,NA
2014,1,1,NA,NA,NA,NA,"OO","N295SW",5403,"PDX","EUG",NA,106,NA,NA
2014,1,1,NA,NA,NA,NA,"OO","N918SW",5639,"SEA","SFO",NA,679,NA,NA
2014,1,1,NA,NA,NA,NA,"UA","",1142,"SEA","EWR",NA,2402,NA,NA
2014,1,1,NA,NA,NA,NA,"UA","",1195,"SEA","DEN",NA,1024,NA,NA
2014,1,1,NA,NA,NA,NA,"UA","",1647,"PDX","ORD",NA,1739,NA,NA
2014,1,2,8,-2,748,-13,"US","N171US",1830,"SEA","CLT",254,2279,0,8
2014,1,2,11,16,730,10,"DL","N6702",1504,"SEA","ATL",235,2182,0,11
2014,1,2,14,84,1356,NA,"DL","N379DA",2022,"PDX","JFK",NA,2454,0,14
2014,1,2,16,121,758,110,"US","N538UW",1818,"SEA","PHL",261,2378,0,16
2014,1,2,20,385,207,372,"WN","N8620H",3464,"SEA","OAK",96,672,0,20
2014,1,2,29,-1,536,-2,"DL","N612DL",1292,"SEA","MSP",167,1399,0,29
2014,1,2,30,75,732,69,"DL","N859NW",1823,"SEA","DTW",213,1927,0,30
2014,1,2,44,49,641,51,"UA","N423UA",758,"PDX","IAH",215,1825,0,44
2014,1,2,45,-10,550,-18,"DL","N924DN",1080,"PDX","MSP",168,1426,0,45
2014,1,2,55,116,NA,NA,"DL","N705TW",1542,"SEA","JFK",NA,2422,0,55
2014,1,2,57,113,628,88,"UA","N21723",1632,"PDX","ORD",196,1739,0,57
2014,1,2,151,321,310,315,"WN","N735SA",1546,"PDX","SMF",67,479,1,51
2014,1,2,158,180,1257,NA,"B6","N630JB",264,"SEA","JFK",NA,2422,1,58
2014,1,2,223,236,1011,222,"UA","N37427",1142,"SEA","EWR",260,2402,2,23
2014,1,2,225,158,826,153,"UA","N16732",1114,"SEA","IAH",213,1874,2,25
2014,1,2,516,-4,854,-12,"US","N622AW",460,"SEA","PHX",140,1107,5,16
2014,1,2,516,-4,841,-12,"UA","N35407",1224,"SEA","DEN",121,1024,5,16
2014,1,2,516,-9,839,-16,"US","N523UW",649,"PDX","PHX",128,1009,5,16
2014,1,2,518,-3,807,31,"OO","N925SW",5639,"SEA","SFO",101,679,5,18
2014,1,2,528,-2,1119,-14,"UA","N848UA",275,"PDX","IAH",213,1825,5,28
2014,1,2,546,-4,846,-7,"DL","N686DA",1634,"SEA","SLC",87,689,5,46
2014,1,2,552,-8,803,-18,"AS","N409AS",604,"SEA","LAS",114,867,5,52
2014,1,2,552,-8,830,-18,"DL","N663DN",1831,"PDX","SLC",80,630,5,52
2014,1,2,555,-5,832,-18,"AS","N512AS",81,"SEA","ANC",195,1448,5,55
2014,1,2,557,-3,914,-11,"F9","N221FR",796,"PDX","DEN",117,991,5,57
2014,1,2,558,-2,733,-12,"WN","N498WN",1461,"PDX","OAK",81,543,5,58
2014,1,2,558,-2,922,-8,"WN","N776WN",1927,"PDX","PHX",129,1009,5,58
2014,1,2,559,-6,750,-22,"AS","N535AS",344,"SEA","OAK",95,672,5,59
2014,1,2,600,0,1156,6,"AA","N3DGAA",1094,"SEA","DFW",198,1660,6,0
2014,1,2,602,2,1213,3,"AA","N3KGAA",2240,"SEA","ORD",208,1721,6,2
2014,1,2,602,2,754,-9,"AS","N431AS",200,"SEA","SJC",99,697,6,2
2014,1,2,602,-4,1204,2,"UA","N446UA",474,"SEA","ORD",202,1721,6,2
2014,1,2,605,0,932,-6,"F9","N211FR",144,"SEA","DEN",123,1024,6,5
2014,1,2,605,0,921,-19,"WN","N8313F",145,"SEA","DEN",119,1024,6,5
2014,1,2,606,-4,838,-12,"AS","N402AS",426,"SEA","LAX",123,954,6,6
2014,1,2,606,1,1157,0,"UA","N87531",1573,"PDX","ORD",201,1739,6,6
2014,1,2,609,-6,841,-21,"AS","N548AS",494,"SEA","SAN",131,1050,6,9
2014,1,2,611,11,752,9,"AS","N760AS",406,"PDX","SJC",86,569,6,11
2014,1,2,611,1,1220,-2,"UA","N17229",1246,"SEA","IAH",225,1874,6,11
2014,1,2,613,-2,858,6,"AS","N644AS",524,"SEA","SNA",133,978,6,13
2014,1,2,613,3,813,-12,"AS","N796AS",308,"SEA","SFO",100,679,6,13
2014,1,2,614,-6,1158,-7,"AA","N4XJAA",1650,"PDX","DFW",194,1616,6,14
2014,1,2,616,1,817,-3,"VX","N529VA",751,"SEA","SFO",101,679,6,16
2014,1,2,621,46,801,35,"UA","N35260",1209,"PDX","SFO",83,550,6,21
2014,1,2,625,5,939,-6,"WN","N260WN",1111,"PDX","DEN",118,991,6,25
2014,1,2,627,-3,1350,-7,"DL","N3746H",1156,"PDX","ATL",244,2172,6,27
2014,1,2,627,5,902,-3,"OO","N692CA",4693,"SEA","LAX",128,954,6,27
2014,1,2,628,-2,1405,-3,"DL","N616DL",968,"SEA","ATL",254,2182,6,28
2014,1,2,628,48,941,34,"UA","N37462",1569,"PDX","DEN",115,991,6,28
2014,1,2,629,-2,1230,-11,"UA","N437UA",912,"SEA","IAH",214,1874,6,29
2014,1,2,631,-4,1001,-11,"UA","N547UA",328,"SEA","DEN",118,1024,6,31
2014,1,2,634,-6,1215,-11,"AS","N551AS",668,"SEA","DFW",196,1660,6,34
2014,1,2,635,-5,1009,1,"AS","N536AS",646,"PDX","PHX",128,1009,6,35
2014,1,2,636,-4,854,-6,"AS","N532AS",572,"PDX","SAN",119,933,6,36
2014,1,2,637,-3,906,-9,"AS","N408AS",556,"SEA","PSP",131,987,6,37
2014,1,2,637,2,1231,1,"WN","N8603F",401,"PDX","MDW",216,1751,6,37
2014,1,2,637,17,1442,11,"UA","N37466",1021,"PDX","EWR",286,2434,6,37
2014,1,2,638,-2,842,-6,"OO","N218AG",3456,"PDX","BUR",105,817,6,38
2014,1,2,642,-3,857,-11,"OO","N804SK",4692,"PDX","LAX",112,834,6,42
2014,1,2,643,-7,927,2,"AS","N320AS",470,"SEA","LAX",124,954,6,43
2014,1,2,643,-2,822,-13,"WN","N7732A",2537,"SEA","SMF",81,605,6,43
2014,1,2,644,-1,912,7,"AS","N703AS",560,"PDX","LAX",111,834,6,44
2014,1,2,645,10,1238,8,"WN","N8602F",3694,"SEA","MDW",214,1733,6,45
2014,1,2,647,17,824,8,"UA","N76503",1621,"PDX","SFO",83,550,6,47
2014,1,2,649,-1,1010,-9,"AS","N524AS",682,"SEA","DEN",124,1024,6,49
2014,1,2,650,5,846,-4,"WN","N943WN",247,"PDX","LAS",103,763,6,50
2014,1,2,655,0,1230,18,"AS","N433AS",36,"SEA","MSP",171,1399,6,55
2014,1,2,655,-5,1157,-16,"DL","N397DA",2314,"SEA","MSP",165,1399,6,55
2014,1,2,655,-5,1213,-7,"DL","N934DN",2090,"PDX","MSP",175,1426,6,55
2014,1,2,656,-4,915,-6,"AS","N622AS",582,"PDX","SNA",118,859,6,56
2014,1,2,658,-2,1051,-29,"AS","N514AS",833,"PDX","HNL",326,2603,6,58
2014,1,2,658,-7,923,-17,"VX","N622VA",1780,"SEA","LAX",125,954,6,58
2014,1,2,659,-1,943,-22,"AS","N307AS",726,"SEA","SLC",90,689,6,59
2014,1,2,659,-6,919,-3,"B6","N524JB",1121,"PDX","LGB",113,846,6,59
2014,1,2,659,-1,1500,-7,"DL","N703TW",418,"SEA","JFK",275,2422,6,59
2014,1,2,701,-9,903,-17,"AS","N530AS",332,"SEA","SJC",100,697,7,1
2014,1,2,701,1,826,-4,"WN","N904WN",2885,"PDX","SMF",70,479,7,1
2014,1,2,701,1,1038,-7,"WN","N8613K",669,"SEA","PHX",139,1107,7,1
2014,1,2,702,34,1447,35,"UA","N538UA",250,"PDX","IAD",257,2327,7,2
2014,1,2,703,-2,912,-7,"OO","N219AG",3460,"PDX","ONT",109,838,7,3
2014,1,2,704,-6,1535,21,"DL","N3748Y",2258,"PDX","JFK",285,2454,7,4
2014,1,2,705,0,917,-7,"AS","N317AS",606,"SEA","LAS",115,867,7,5
2014,1,2,705,0,809,-1,"AS","N706AS",65,"SEA","KTN",98,680,7,5
2014,1,2,708,-7,1003,-14,"DL","N338NB",2397,"SEA","SLC",87,689,7,8
2014,1,2,709,-1,918,-10,"AS","N440AS",222,"SEA","SFO",98,679,7,9
2014,1,2,709,-6,912,-15,"AS","N315AS",244,"PDX","SFO",81,550,7,9
2014,1,2,710,10,907,22,"VX","N523VA",805,"PDX","SFO",86,550,7,10
2014,1,2,712,2,1246,-19,"AA","N3HYAA",1308,"SEA","DFW",192,1660,7,12
2014,1,2,712,-3,853,-7,"AS","N557AS",805,"SEA","SMF",82,605,7,12
2014,1,2,713,-2,1437,5,"DL","N369NW",822,"SEA","DTW",232,1927,7,13
2014,1,2,715,0,958,4,"AS","N754AS",478,"SEA","LAX",126,954,7,15
2014,1,2,719,4,1609,40,"AA","N3CYAA",236,"SEA","JFK",310,2422,7,19
2014,1,2,719,-1,1105,-3,"AS","N305AS",642,"SEA","PHX",139,1107,7,19
2014,1,2,720,-5,955,-10,"AS","N563AS",240,"SEA","SAN",135,1050,7,20
2014,1,2,723,8,915,-3,"AS","N614AS",626,"PDX","LAS",100,763,7,23
2014,1,2,724,-6,947,-11,"AS","N791AS",530,"SEA","ONT",125,956,7,24
2014,1,2,726,6,1124,-18,"AS","N579AS",855,"PDX","KOA",340,2607,7,26
2014,1,2,726,16,951,9,"OO","N215AG",3472,"SEA","LGB",127,965,7,26
2014,1,2,728,3,1056,-4,"WN","N724SW",2181,"SEA","DEN",123,1024,7,28
2014,1,2,734,4,928,-19,"UA","N577UA",434,"SEA","SFO",95,679,7,34
2014,1,2,741,41,1551,NA,"AA","N3KXAA",2218,"PDX","ORD",NA,1739,7,41
2014,1,2,743,3,1318,-2,"WN","N960WN",3872,"SEA","MKE",199,1694,7,43
2014,1,2,746,-9,956,-20,"AS","N613AS",522,"SEA","BUR",116,937,7,46
2014,1,2,746,1,950,0,"WN","N244WN",402,"SEA","OAK",101,672,7,46
2014,1,2,749,-1,929,-11,"WN","N762SW",373,"PDX","SJC",87,569,7,49
2014,1,2,750,-5,917,-23,"AS","N768AS",61,"SEA","JNU",131,909,7,50
2014,1,2,750,5,849,9,"OO","N585SW",5379,"PDX","SEA",40,129,7,50
2014,1,2,757,-3,1610,-10,"AS","N520AS",16,"SEA","MCO",291,2554,7,57
2014,1,2,758,-2,1034,-15,"AS","N769AS",83,"SEA","ANC",203,1448,7,58
2014,1,2,802,-3,1545,-5,"AS","N528AS",742,"SEA","ATL",260,2182,8,2
2014,1,2,802,-3,943,-7,"WN","N437WN",48,"PDX","OAK",86,543,8,2
2014,1,2,806,-4,1025,-4,"AS","N506AS",600,"SEA","LAS",120,867,8,6
2014,1,2,807,-4,1557,-3,"UA","N585UA",419,"SEA","IAD",265,2306,8,7
2014,1,2,808,8,1020,-5,"AS","N309AS",568,"PDX","LAX",109,834,8,8
2014,1,2,808,-2,1554,-12,"AS","N590AS",4,"SEA","DCA",267,2329,8,8
2014,1,2,810,-5,1328,-5,"DL","N950DN",2154,"PDX","MSP",173,1426,8,10
2014,1,2,821,-4,1600,-1,"DL","N684DA",128,"SEA","ATL",257,2182,8,21
2014,1,2,821,-4,1330,-13,"DL","N591NW",895,"SEA","MSP",169,1399,8,21
2014,1,2,824,-6,1222,-28,"AS","N583AS",861,"SEA","OGG",337,2640,8,24
2014,1,2,824,-1,1100,-5,"OO","N608SK",4597,"SEA","LAX",127,954,8,24
2014,1,2,829,-6,1056,-18,"AS","N624AS",502,"SEA","SNA",132,978,8,29
2014,1,2,829,-1,1221,3,"US","N624AW",440,"SEA","PHX",140,1107,8,29
2014,1,2,830,0,1424,9,"AA","N3DBAA",312,"SEA","DFW",198,1660,8,30
2014,1,2,832,-3,1639,-2,"US","N654AW",553,"SEA","PHL",283,2378,8,32
2014,1,2,834,29,1400,10,"AA","N568AA",1220,"PDX","DFW",189,1616,8,34
2014,1,2,834,-6,1733,10,"AS","N566AS",34,"SEA","FLL",316,2717,8,34
2014,1,2,836,11,1429,-1,"UA","N37413",1510,"PDX","IAH",215,1825,8,36
2014,1,2,840,0,1237,-18,"HA","N395HA",21,"SEA","HNL",334,2677,8,40
2014,1,2,841,-4,1651,2,"AS","N435AS",32,"SEA","PHL",278,2378,8,41
2014,1,2,841,6,1404,4,"WN","N766SW",41,"SEA","MCI",180,1489,8,41
2014,1,2,843,-2,1207,-6,"US","N648AW",685,"PDX","PHX",130,1009,8,43
2014,1,2,846,1,1226,16,"WN","N366SW",103,"PDX","DEN",121,991,8,46
2014,1,2,847,-3,1244,-41,"AS","N597AS",875,"SEA","LIH",341,2701,8,47
2014,1,2,849,-1,1105,-5,"WN","N8600F",3427,"SEA","LAS",116,867,8,49
2014,1,2,850,0,1230,-5,"WN","N759GS",445,"SEA","ABQ",142,1180,8,50
2014,1,2,855,5,1130,0,"WN","N614SW",223,"PDX","SLC",84,630,8,55
2014,1,2,857,-3,1111,-9,"AS","N403AS",614,"SEA","LAS",117,867,8,57
2014,1,2,901,-4,1704,-10,"AS","N423AS",8,"SEA","EWR",285,2402,9,1
2014,1,2,902,-8,1130,-17,"AS","N611AS",558,"SEA","PSP",133,987,9,2
2014,1,2,908,8,1140,2,"AS","N794AS",456,"SEA","LAX",125,954,9,8
2014,1,2,911,-4,1246,-19,"OO","N223AG",3466,"PDX","TUS",139,1119,9,11
2014,1,2,917,-4,1012,-4,"OO","N567SW",5428,"PDX","SEA",41,129,9,17
2014,1,2,918,-2,1643,-2,"DL","N3756",1940,"PDX","ATL",249,2172,9,18
2014,1,2,922,-3,1811,36,"AS","N526AS",30,"PDX","BOS",290,2537,9,22
2014,1,2,929,-1,1122,-1,"OO","N764SK",5196,"PDX","SFO",81,550,9,29
2014,1,2,929,-6,1040,16,"OO","N585SW",5438,"SEA","PDX",43,129,9,29
2014,1,2,933,-2,1814,19,"AS","N589AS",12,"SEA","BOS",292,2496,9,33
2014,1,2,933,-7,1703,9,"DL","N341NW",2424,"SEA","DTW",240,1927,9,33
2014,1,2,942,-3,1315,-20,"AS","N618AS",644,"SEA","PHX",138,1107,9,42
2014,1,2,943,83,1710,160,"AA","N3KRAA",1236,"SEA","ORD",210,1721,9,43
2014,1,2,945,-5,1730,-5,"AS","N552AS",752,"PDX","ATL",255,2172,9,45
2014,1,2,946,-4,1234,-24,"AS","N306AS",131,"PDX","ANC",215,1542,9,46
2014,1,2,948,-7,1153,-13,"AS","N799AS",314,"SEA","SFO",105,679,9,48
2014,1,2,948,-7,1156,-14,"UA","N839UA",698,"SEA","SFO",100,679,9,48
2014,1,2,949,-6,1732,-8,"AS","N516AS",764,"PDX","DCA",268,2350,9,49
2014,1,2,949,-1,1140,-15,"VX","N521VA",753,"SEA","SFO",98,679,9,49
2014,1,2,952,-3,1225,-12,"AS","N713AS",238,"SEA","SAN",136,1050,9,52
2014,1,2,952,-8,1348,-22,"HA","N390HA",29,"SEA","OGG",333,2640,9,52
2014,1,2,1000,5,1323,-4,"AS","N609AS",680,"SEA","DEN",122,1024,10,0
2014,1,2,1001,-4,1222,-1,"AS","N619AS",580,"PDX","SNA",120,859,10,1
2014,1,2,1001,1,1158,-4,"AS","N529AS",346,"SEA","OAK",98,672,10,1
2014,1,2,1014,-1,1244,-12,"DL","N327NB",2189,"PDX","SLC",79,630,10,14
2014,1,2,1017,2,1545,-19,"AS","N565AS",658,"PDX","DFW",190,1616,10,17
2014,1,2,1017,-3,1636,9,"AS","N413AS",730,"SEA","IAH",220,1874,10,17
2014,1,2,1017,2,1431,-9,"AS","N570AS",843,"SEA","KOA",352,2688,10,17
2014,1,2,1020,-5,1220,-10,"WN","N781WN",292,"SEA","SJC",103,697,10,20
2014,1,2,1021,-2,1407,52,"DL","N399DA",1857,"SEA","SLC",87,689,10,21
2014,1,2,1025,-5,1536,-14,"AS","N596AS",762,"SEA","MCI",173,1489,10,25
2014,1,2,1026,11,1426,6,"HA","N383HA",25,"PDX","HNL",335,2603,10,26
2014,1,2,1028,-2,1358,1,"AS","N779AS",640,"PDX","PHX",132,1009,10,28
2014,1,2,1029,-6,1452,-13,"AS","N587AS",851,"SEA","HNL",346,2677,10,29
2014,1,2,1034,-1,1311,-14,"AS","N537AS",127,"SEA","ANC",201,1448,10,34
2014,1,2,1034,5,1304,6,"OO","N929SW",6518,"PDX","LAX",116,834,10,34
2014,1,2,1037,-5,1136,5,"OO","N567SW",5325,"SEA","PDX",38,129,10,37
2014,1,2,1039,-1,1542,-3,"OO","N217AG",3468,"SEA","OMA",160,1368,10,39
2014,1,2,1040,0,1357,-3,"F9","N935FR",788,"PDX","DEN",121,991,10,40
2014,1,2,1043,-7,1342,15,"OO","N689CA",4613,"SEA","LAX",127,954,10,43
2014,1,2,1044,-1,1309,-14,"AS","N319AS",460,"SEA","LAX",125,954,10,44
2014,1,2,1048,-7,1319,-14,"AS","N534AS",498,"SEA","SAN",134,1050,10,48
2014,1,2,1051,0,1234,-5,"OO","N947SW",5243,"PDX","SFO",86,550,10,51
2014,1,2,1054,-1,1319,-6,"VX","N853VA",784,"SEA","LAX",127,954,10,54
2014,1,2,1055,14,1415,5,"F9","N202FR",138,"SEA","DEN",121,1024,10,55
2014,1,2,1056,-4,1305,-8,"AS","N760AS",564,"PDX","LAX",113,834,10,56
2014,1,2,1057,2,1430,3,"UA","N15710",1185,"SEA","DEN",127,1024,10,57
2014,1,2,1059,-1,1302,-18,"AS","N553AS",316,"SEA","SFO",98,679,10,59
2014,1,2,1059,-1,1326,-8,"B6","N531JB",107,"SEA","LGB",130,965,10,59
2014,1,2,1100,10,1613,8,"WN","N904WN",899,"PDX","MCI",179,1482,11,0
2014,1,2,1101,151,1713,172,"AS","N303AS",28,"SEA","ORD",202,1721,11,1
2014,1,2,1101,1,1427,-3,"WN","N358SW",1537,"PDX","PHX",133,1009,11,1
2014,1,2,1105,-2,1151,-11,"OO","N229SW",5397,"PDX","SEA",37,129,11,5
2014,1,2,1109,7,1731,36,"UA","N75410",1599,"SEA","ORD",200,1721,11,9
2014,1,2,1119,-6,1437,-17,"US","N820AW",634,"PDX","PHX",125,1009,11,19
2014,1,2,1123,3,1248,-9,"AS","N793AS",75,"SEA","JNU",131,909,11,23
2014,1,2,1124,-1,1319,-11,"OO","N784SK",5214,"SEA","SFO",96,679,11,24
2014,1,2,1125,5,1508,-27,"AS","N581AS",809,"PDX","OGG",330,2562,11,25
2014,1,2,1126,-4,1340,-11,"AS","N586AS",578,"PDX","SAN",122,933,11,26
2014,1,2,1130,0,1326,-9,"WN","N436WN",3603,"SEA","OAK",97,672,11,30
2014,1,2,1134,-6,1406,-11,"AS","N607AS",500,"SEA","SNA",135,978,11,34
2014,1,2,1136,46,1348,34,"OO","N216AG",3482,"SEA","SBA",115,908,11,36
2014,1,2,1138,8,1335,0,"WN","N7744A",359,"PDX","LAS",105,763,11,38
2014,1,2,1141,-1,1226,4,"OO","N585SW",5438,"PDX","EUG",29,106,11,41
2014,1,2,1143,-7,1339,-16,"OO","N693BR",3496,"SEA","FAT",97,748,11,43
2014,1,2,1146,21,1652,12,"DL","N3773D",588,"SEA","MSP",165,1399,11,46
2014,1,2,1151,5,1356,-5,"B6","N625JB",1521,"PDX","LGB",113,846,11,51
2014,1,2,1151,21,2003,28,"US","N740UW",2019,"SEA","PHL",272,2378,11,51
2014,1,2,1153,38,1733,28,"AA","N3GNAA",1311,"SEA","DFW",199,1660,11,53
2014,1,2,1153,-2,1739,3,"AS","N527AS",754,"SEA","STL",200,1709,11,53
2014,1,2,1155,10,1741,1,"AS","N407AS",656,"SEA","AUS",207,1770,11,55
2014,1,2,1155,3,1938,8,"DL","N721TW",1962,"SEA","ATL",247,2182,11,55
2014,1,2,1155,-1,1233,-5,"OO","N567SW",5325,"PDX","RDM",26,116,11,55
2014,1,2,1157,-8,1334,-16,"VX","N528VA",817,"PDX","SFO",88,550,11,57
2014,1,2,1159,33,1758,38,"UA","N821UA",646,"PDX","ORD",200,1739,11,59
2014,1,2,1200,-10,1436,-12,"AS","N625AS",484,"SEA","SAN",138,1050,12,0
2014,1,2,1200,-5,1253,-7,"AS","N626AS",674,"SEA","GEG",37,224,12,0
2014,1,2,1200,-5,1432,-17,"OO","N932SW",6371,"SEA","LAX",123,954,12,0
2014,1,2,1203,48,1515,40,"WN","N761RR",3042,"PDX","DEN",120,991,12,3
2014,1,2,1206,-9,1406,-16,"AS","N518AS",324,"SEA","SJC",100,697,12,6
2014,1,2,1206,20,1921,34,"DL","N807DN",1466,"PDX","DTW",234,1953,12,6
2014,1,2,1207,17,1431,16,"WN","N205WN",3390,"SEA","LAS",117,867,12,7
2014,1,2,1207,35,1546,27,"US","N602AW",614,"SEA","PHX",136,1107,12,7
2014,1,2,1211,66,1502,62,"WN","N202WN",1101,"SEA","SLC",89,689,12,11
2014,1,2,1212,-3,1422,1,"OO","N218AG",3454,"PDX","BUR",108,817,12,12
2014,1,2,1214,14,1555,5,"WN","N950WN",3696,"SEA","PHX",138,1107,12,14
2014,1,2,1217,27,1441,31,"OO","N617QX",4469,"PDX","LAX",108,834,12,17
2014,1,2,1218,-7,1621,8,"AS","N558AS",648,"SEA","TUS",150,1216,12,18
2014,1,2,1221,-6,1311,-5,"OO","N229SW",5342,"SEA","PDX",33,129,12,21
2014,1,2,1228,-2,1429,-6,"AS","N708AS",312,"SEA","SFO",100,679,12,28
2014,1,2,1229,19,1806,11,"AA","N4WJAA",1568,"PDX","DFW",189,1616,12,29
2014,1,2,1231,61,1548,44,"OO","N957SW",5576,"PDX","DEN",115,991,12,31
2014,1,2,1233,-2,1452,-6,"AS","N409AS",610,"SEA","LAS",118,867,12,33
2014,1,2,1233,23,1415,20,"WN","N908WN",3252,"PDX","SJC",87,569,12,33
2014,1,2,1233,19,1430,1,"UA","N835UA",842,"SEA","SFO",92,679,12,33
2014,1,2,1236,3,1425,-1,"UA","N488UA",353,"PDX","SFO",84,550,12,36
2014,1,2,1238,-2,1826,-16,"AS","N508AS",692,"SEA","SAT",206,1774,12,38
2014,1,2,1239,14,1418,8,"WN","N642WN",426,"PDX","OAK",79,543,12,39
2014,1,2,1246,41,1859,44,"AA","N3EVAA",1628,"SEA","ORD",199,1721,12,46
2014,1,2,1246,51,1412,52,"WN","N641SW",361,"PDX","SMF",72,479,12,46
2014,1,2,1251,-9,1755,-25,"AS","N627AS",38,"SEA","MSP",165,1399,12,51
2014,1,2,1252,-3,1452,-5,"AS","N644AS",622,"PDX","LAS",102,763,12,52
2014,1,2,1252,22,1435,20,"WN","N286WN",2315,"SEA","SMF",81,605,12,52
2014,1,2,1254,164,1907,181,"AS","N615AS",686,"PDX","ORD",203,1739,12,54
2014,1,2,1255,-5,1803,-16,"DL","N901DA",2164,"PDX","MSP",171,1426,12,55
2014,1,2,1256,-4,1535,0,"AS","N796AS",554,"SEA","PSP",135,987,12,56
2014,1,2,1256,11,1536,1,"AS","N442AS",113,"SEA","ANC",199,1448,12,56
2014,1,2,1300,10,1448,8,"AS","N614AS",388,"PDX","SFO",86,550,13,0
2014,1,2,1300,0,1806,-13,"DL","N904DA",1950,"SEA","MSP",166,1399,13,0
2014,1,2,1303,3,1539,-14,"UA","N37427",1192,"SEA","ANC",195,1448,13,3
2014,1,2,1304,-1,1848,-3,"AS","N307AS",664,"SEA","DFW",197,1660,13,4
2014,1,2,1305,-10,1556,-14,"DL","N3761R",2157,"SEA","SLC",88,689,13,5
2014,1,2,1305,-2,1535,-9,"OO","N804SK",4564,"SEA","LAX",124,954,13,5
2014,1,2,1310,4,2100,0,"UA","N76269",1148,"SEA","IAD",262,2306,13,10
2014,1,2,1311,21,1439,9,"WN","N933WN",518,"SEA","RNO",72,564,13,11
2014,1,2,1311,-4,1523,-7,"OO","N219AG",3478,"PDX","LGB",119,846,13,11
2014,1,2,1314,-6,1550,-12,"DL","N374DA",2093,"PDX","SLC",81,630,13,14
2014,1,2,1317,-3,2055,-19,"US","N191UW",1897,"SEA","CLT",252,2279,13,17
2014,1,2,1320,0,1608,-17,"AS","N556AS",724,"SEA","SLC",91,689,13,20
2014,1,2,1320,78,1909,64,"UA","N479UA",277,"PDX","IAH",212,1825,13,20
2014,1,2,1321,76,1646,71,"WN","N660SW",3518,"PDX","ABQ",132,1111,13,21
2014,1,2,1326,85,1926,71,"UA","N831UA",324,"SEA","IAH",221,1874,13,26
2014,1,2,1331,-4,1559,-9,"OO","N215AG",3474,"SEA","LGB",130,965,13,31
2014,1,2,1332,7,2048,-5,"DL","N804DN",773,"PDX","ATL",239,2172,13,32
2014,1,2,1334,9,1617,-8,"AS","N612AS",123,"SEA","FAI",204,1533,13,34
2014,1,2,1336,-5,1420,-14,"OO","N229SW",5423,"PDX","SEA",37,129,13,36
2014,1,2,1337,17,1529,4,"WN","N219WN",425,"PDX","LAS",101,763,13,37
2014,1,2,1339,4,1513,-2,"WN","N939WN",578,"PDX","OAK",82,543,13,39
2014,1,2,1339,14,1531,6,"WN","N723SW",1356,"SEA","OAK",98,672,13,39
2014,1,2,1349,-6,1609,-21,"AS","N792AS",532,"SEA","ONT",125,956,13,49
2014,1,2,1350,0,1529,-6,"AS","N530AS",362,"SEA","SMF",83,605,13,50
2014,1,2,1357,-8,1715,-28,"AS","N622AS",670,"SEA","DEN",121,1024,13,57
2014,1,2,1401,-4,1601,-14,"AS","N797AS",318,"SEA","SFO",103,679,14,1
2014,1,2,1402,-8,1736,-16,"AS","N317AS",652,"SEA","PHX",140,1107,14,2
2014,1,2,1405,-5,2146,-10,"AS","N524AS",2,"SEA","DCA",267,2329,14,5
2014,1,2,1408,-2,1635,-15,"AS","N791AS",486,"SEA","SAN",136,1050,14,8
2014,1,2,1409,37,1544,19,"UA","N492UA",367,"PDX","SFO",79,550,14,9
2014,1,2,1413,39,1609,24,"UA","N37255",1210,"SEA","SFO",96,679,14,13
2014,1,2,1419,-6,1648,-10,"AS","N613AS",516,"SEA","SNA",134,978,14,19
2014,1,2,1422,-3,1654,-6,"AS","N408AS",454,"SEA","LAX",123,954,14,22
2014,1,2,1424,-6,1636,-14,"AS","N538AS",608,"SEA","LAS",118,867,14,24
2014,1,2,1428,113,2034,121,"AS","N513AS",22,"SEA","ORD",198,1721,14,28
2014,1,2,1434,33,2054,59,"UA","N66803",1610,"PDX","ORD",198,1739,14,34
2014,1,2,1434,-6,1814,-11,"US","N157UW",2026,"SEA","PHX",138,1107,14,34
2014,1,2,1435,45,2003,23,"AA","N3BGAA",2269,"SEA","DFW",189,1660,14,35
2014,1,2,1435,95,2301,113,"DL","N717TW",182,"SEA","JFK",275,2422,14,35
2014,1,2,1448,-4,1700,-10,"OO","N608SK",4556,"PDX","LAX",115,834,14,48
2014,1,2,1448,28,2032,14,"UA","N27205",1163,"SEA","ORD",197,1721,14,48
2014,1,2,1452,87,2039,64,"AA","N3KSAA",115,"PDX","ORD",203,1739,14,52
2014,1,2,1452,2,1807,-18,"WN","N353SW",1556,"SEA","DEN",121,1024,14,52
2014,1,2,1455,0,1706,-5,"AS","N536AS",570,"PDX","LAX",112,834,14,55
2014,1,2,1457,-8,1708,-15,"AS","N549AS",528,"SEA","BUR",120,937,14,57
2014,1,2,1457,-7,1542,-11,"OO","N229SW",5417,"SEA","PDX",32,129,14,57
2014,1,2,1504,39,2230,135,"WN","N8326F",576,"SEA","MDW",210,1733,15,4
2014,1,2,1505,55,1644,49,"WN","N281WN",3255,"PDX","SJC",86,569,15,5
2014,1,2,1508,-7,2007,-24,"DL","N955DN",1770,"SEA","MSP",160,1399,15,8
2014,1,2,1509,-6,2008,-23,"DL","N946DN",2430,"PDX","MSP",165,1426,15,9
2014,1,2,1510,28,1833,23,"F9","N208FR",140,"SEA","DEN",125,1024,15,10
2014,1,2,1514,-1,1832,-13,"US","N667AW",500,"PDX","PHX",127,1009,15,14
2014,1,2,1515,20,1628,35,"AS","N786AS",67,"SEA","KTN",101,680,15,15
2014,1,2,1520,25,1835,15,"WN","N480WN",735,"PDX","DEN",122,991,15,20
2014,1,2,1520,-10,1558,-14,"OO","N585SW",5331,"PDX","RDM",26,116,15,20
2014,1,2,1530,40,1845,35,"F9","N216FR",792,"PDX","DEN",120,991,15,30
2014,1,2,1531,21,1925,30,"WN","N285WN",1374,"SEA","PHX",136,1107,15,31
2014,1,2,1533,-2,2126,16,"AA","N4XMAA",157,"PDX","DFW",193,1616,15,33
2014,1,2,1534,7,1711,-2,"UA","N839UA",468,"PDX","SFO",84,550,15,34
2014,1,2,1538,-8,1807,-23,"OO","N912SW",6527,"SEA","LAX",129,954,15,38
2014,1,2,1543,8,1825,5,"AS","N433AS",101,"SEA","ANC",197,1448,15,43
2014,1,2,1546,-4,1759,-6,"AS","N611AS",592,"PDX","SNA",119,859,15,46
2014,1,2,1557,12,2128,-2,"AA","N3BFAA",2248,"SEA","DFW",194,1660,15,57
2014,1,2,1557,7,1815,9,"AS","N794AS",588,"PDX","PSP",119,873,15,57
2014,1,2,1558,-2,1802,-1,"AS","N624AS",322,"SEA","SJC",105,697,15,58
2014,1,2,1604,4,1805,7,"AS","N756AS",338,"SEA","OAK",99,672,16,4
2014,1,2,1609,0,1710,8,"OO","N294SW",5404,"PDX","SEA",43,129,16,9
2014,1,2,1618,63,1831,51,"WN","N715SW",435,"SEA","LAS",116,867,16,18
2014,1,2,1622,-8,1804,-5,"AS","N619AS",402,"PDX","SJC",89,569,16,22
2014,1,2,1622,-3,1825,-10,"OO","N223AG",3462,"PDX","ONT",108,838,16,22
2014,1,2,1626,1,1855,0,"VX","N640VA",796,"SEA","LAX",127,954,16,26
2014,1,2,1632,-3,1901,-15,"AS","N551AS",466,"SEA","LAX",124,954,16,32
2014,1,2,1633,23,1826,11,"WN","N748SW",750,"PDX","LAS",100,763,16,33
2014,1,2,1634,-4,1911,-9,"DL","N323NB",1194,"PDX","SLC",83,630,16,34
2014,1,2,1638,-2,2030,-30,"AS","N529AS",867,"SEA","OGG",338,2640,16,38
2014,1,2,1643,84,2003,77,"UA","N18243",1051,"PDX","DEN",118,991,16,43
2014,1,2,1645,20,1845,10,"OO","N216AG",3494,"PDX","SBA",101,784,16,45
2014,1,2,1647,13,1941,16,"DL","N603DL",2079,"SEA","SLC",88,689,16,47
2014,1,2,1647,12,1851,8,"UA","N77431",1054,"SEA","SFO",97,679,16,47
2014,1,2,1658,-2,2132,2,"AS","N512AS",899,"SEA","HNL",367,2677,16,58
2014,1,2,1658,48,1931,41,"WN","N294WN",20,"PDX","SLC",81,630,16,58
2014,1,2,1701,170,2254,151,"UA","N76502",1672,"SEA","IAH",214,1874,17,1
2014,1,2,1714,-11,1954,-1,"AS","N609AS",514,"SEA","SNA",133,978,17,14
2014,1,2,1715,0,1911,-9,"VX","N852VA",755,"SEA","SFO",101,679,17,15
2014,1,2,1715,-5,1928,-10,"OO","N692CA",4684,"PDX","LAX",110,834,17,15
2014,1,2,1720,20,1946,22,"DL","N373DA",2410,"SEA","LAX",121,954,17,20
2014,1,2,1721,118,2047,113,"UA","N842UA",457,"SEA","DEN",124,1024,17,21
2014,1,2,1723,-14,1949,-19,"B6","N534JB",1007,"SEA","LGB",128,965,17,23
2014,1,2,1730,-5,1834,10,"OO","N294SW",5305,"SEA","PDX",40,129,17,30
2014,1,2,1735,-1,1830,1,"OO","N229SW",5417,"PDX","SEA",39,129,17,35
2014,1,2,1738,-2,2150,-20,"AS","N559AS",815,"SEA","LIH",355,2701,17,38
2014,1,2,1739,-6,1950,-11,"AS","N779AS",562,"PDX","LAX",112,834,17,39
2014,1,2,1741,-4,1946,-5,"OO","N218AG",3488,"PDX","BUR",108,817,17,41
2014,1,2,1742,-6,1920,-20,"OO","N905SW",5553,"PDX","SFO",84,550,17,42
2014,1,2,1742,-3,2125,-7,"US","N625AW",524,"SEA","PHX",139,1107,17,42
2014,1,2,1748,-2,2203,1,"DL","N591NW",2237,"SEA","HNL",350,2677,17,48
2014,1,2,1754,-6,2111,-19,"US","N664AW",577,"PDX","PHX",127,1009,17,54
2014,1,2,1755,10,2011,8,"DL","N3760C",1533,"SEA","LAS",112,867,17,55
2014,1,2,1755,12,2127,12,"UA","N38257",1549,"SEA","DEN",121,1024,17,55
2014,1,2,1756,-4,1934,-11,"VX","N528VA",813,"PDX","SFO",83,550,17,56
2014,1,2,1756,61,1916,56,"WN","N659SW",747,"PDX","SMF",69,479,17,56
2014,1,2,1759,-6,2335,-18,"AS","N319AS",26,"SEA","ORD",198,1721,17,59
2014,1,2,1806,0,2123,-10,"UA","N577UA",550,"PDX","DEN",120,991,18,6
2014,1,2,1808,98,1942,87,"WN","N204WN",1168,"SEA","SMF",81,605,18,8
2014,1,2,1812,-3,2059,-4,"AS","N534AS",109,"SEA","ANC",205,1448,18,12
2014,1,2,1815,-5,2258,3,"AS","N518AS",859,"SEA","HNL",379,2677,18,15
2014,1,2,1818,5,2023,-6,"UA","N37287",1173,"SEA","SFO",100,679,18,18
2014,1,2,1819,-5,2028,-11,"B6","N554JB",1621,"PDX","LGB",112,846,18,19
2014,1,2,1820,0,2200,5,"OO","N217AG",3498,"SEA","COS",134,1068,18,20
2014,1,2,1821,-4,2057,-12,"DL","N337NB",952,"PDX","SLC",82,630,18,21
2014,1,2,1824,-1,2048,-19,"AS","N553AS",464,"SEA","LAX",123,954,18,24
2014,1,2,1831,-9,2225,-30,"AS","N586AS",863,"PDX","OGG",339,2562,18,31
2014,1,2,1835,-5,2042,-3,"AS","N799AS",302,"SEA","SFO",103,679,18,35
2014,1,2,1836,-9,2119,-6,"AS","N564AS",480,"SEA","SAN",133,1050,18,36
2014,1,2,1836,41,1943,28,"WN","N963WN",102,"PDX","RNO",58,444,18,36
2014,1,2,1842,-13,2038,-16,"AS","N644AS",620,"PDX","LAS",102,763,18,42
2014,1,2,1843,3,1952,9,"AS","N793AS",69,"SEA","KTN",106,680,18,43
2014,1,2,1844,-1,2111,-6,"AS","N614AS",510,"SEA","SNA",133,978,18,44
2014,1,2,1844,-6,2117,5,"AS","N305AS",616,"SEA","LAS",118,867,18,44
2014,1,2,1845,-1,2115,-14,"OO","N937SW",6422,"SEA","LAX",126,954,18,45
2014,1,2,1849,-6,2040,-4,"AS","N519AS",381,"SEA","SMF",85,605,18,49
2014,1,2,1849,-6,2230,-11,"AS","N607AS",630,"SEA","PHX",139,1107,18,49
2014,1,2,1849,19,2021,11,"WN","N950WN",3963,"PDX","OAK",78,543,18,49
2014,1,2,1850,175,2143,173,"WN","N250WN",3932,"SEA","SLC",94,689,18,50
2014,1,2,1851,-4,2052,-7,"VX","N845VA",759,"SEA","SFO",101,679,18,51
2014,1,2,1853,38,2100,40,"WN","N757LV",286,"SEA","SJC",104,697,18,53
2014,1,2,1854,-1,2103,5,"AS","N530AS",328,"SEA","SJC",104,697,18,54
2014,1,2,1855,-5,2103,3,"AS","N769AS",379,"PDX","SFO",85,550,18,55
2014,1,2,1855,-5,2113,-17,"OO","N932SW",6250,"PDX","LAX",114,834,18,55
2014,1,2,1859,-6,1951,-3,"OO","N229SW",5424,"SEA","PDX",31,129,18,59
2014,1,2,1906,41,2046,56,"WN","N724SW",718,"PDX","SMF",65,479,19,6
2014,1,2,1910,40,2047,37,"WN","N647SW",2448,"PDX","SJC",87,569,19,10
2014,1,2,1910,425,2230,410,"WN","N8621A",4183,"SEA","DEN",121,1024,19,10
2014,1,2,1912,62,2204,59,"DL","N652DL",2150,"SEA","SLC",87,689,19,12
2014,1,2,1912,10,115,-3,"UA","N78285",1145,"SEA","IAH",223,1874,19,12
2014,1,2,1920,-7,2015,-5,"OO","N585SW",5305,"PDX","SEA",40,129,19,20
2014,1,2,1923,298,106,271,"AA","N3GWAA",125,"SEA","ORD",197,1721,19,23
2014,1,2,1925,-5,2245,-11,"AS","N618AS",672,"SEA","DEN",123,1024,19,25
2014,1,2,1927,-8,2145,-12,"AS","N568AS",520,"SEA","BUR",117,937,19,27
2014,1,2,1929,9,2246,6,"F9","N904FR",794,"PDX","DEN",119,991,19,29
2014,1,2,1938,-2,2200,-15,"AS","N306AS",476,"SEA","LAX",123,954,19,38
2014,1,2,1939,169,2112,162,"WN","N751SW",658,"PDX","OAK",81,543,19,39
2014,1,2,1940,-2,2027,5,"OO","N294SW",5403,"PDX","EUG",33,106,19,40
2014,1,2,1941,-4,2158,-21,"AS","N626AS",518,"SEA","SNA",125,978,19,41
2014,1,2,1945,40,2223,58,"WN","N358SW",1715,"SEA","LAS",120,867,19,45
2014,1,2,1949,-6,2128,-6,"AS","N797AS",404,"PDX","SJC",85,569,19,49
2014,1,2,1952,-3,2233,-13,"AS","N409AS",129,"SEA","FAI",210,1533,19,52
2014,1,2,1953,-7,2043,-14,"AS","N796AS",694,"SEA","GEG",35,224,19,53
2014,1,2,1954,74,102,69,"DL","N334NW",2547,"SEA","MSP",161,1399,19,54
2014,1,2,2006,-14,2348,-11,"AS","N788AS",632,"SEA","PHX",142,1107,20,6
2014,1,2,2008,-7,2310,10,"AS","N431AS",111,"SEA","ANC",217,1448,20,8
2014,1,2,2008,28,2330,25,"F9","N203FR",142,"SEA","DEN",122,1024,20,8
2014,1,2,2009,-6,2206,-7,"OO","N219AG",3490,"SEA","FAT",98,748,20,9
2014,1,2,2009,-11,2331,-25,"US","N659AW",581,"PDX","PHX",126,1009,20,9
2014,1,2,2011,21,2320,22,"AS","N594AS",137,"PDX","ANC",230,1542,20,11
2014,1,2,2013,-2,2216,-9,"OO","N215AG",3464,"PDX","ONT",107,838,20,13
2014,1,2,2015,11,2201,8,"OO","N712SK",5210,"PDX","SFO",85,550,20,15
2014,1,2,2024,-1,6,-4,"US","N604AW",626,"SEA","PHX",136,1107,20,24
2014,1,2,2027,-3,2223,-5,"AS","N596AS",226,"SEA","SJC",102,697,20,27
2014,1,2,2034,34,2354,24,"WN","N253WN",183,"PDX","PHX",126,1009,20,34
2014,1,2,2034,66,2213,52,"UA","N438UA",369,"PDX","SFO",83,550,20,34
2014,1,2,2035,-10,NA,NA,"AS","N560AS",574,"PDX","SAN",NA,933,20,35
2014,1,2,2037,-4,2252,-2,"OO","N975SW",6426,"SEA","SFO",104,679,20,37
2014,1,2,2040,0,2309,-5,"AS","N558AS",472,"SEA","LAX",125,954,20,40
2014,1,2,2040,0,2302,-13,"VX","N642VA",798,"SEA","LAX",118,954,20,40
2014,1,2,2045,-15,2138,-11,"OO","N585SW",5433,"SEA","PDX",33,129,20,45
2014,1,2,2047,-3,2306,-8,"AS","N556AS",536,"SEA","ONT",123,956,20,47
2014,1,2,2059,105,2255,85,"UA","N37437",1674,"SEA","SFO",97,679,20,59
2014,1,2,2100,-5,NA,NA,"AS","N537AS",488,"SEA","SAN",NA,1050,21,0
2014,1,2,2111,-4,2322,-14,"AS","N323AS",618,"SEA","LAS",114,867,21,11
2014,1,2,2119,109,2254,99,"WN","N785SW",520,"SEA","SMF",82,605,21,19
2014,1,2,2121,-4,2321,-13,"AS","N318AS",300,"SEA","SFO",98,679,21,21
2014,1,2,2125,-5,2326,-4,"AS","N613AS",358,"SEA","OAK",99,672,21,25
2014,1,2,2126,-4,28,11,"AS","N413AS",731,"SEA","ANC",216,1448,21,26
2014,1,2,2128,18,24,21,"UA","N68453",1603,"SEA","ANC",215,1448,21,28
2014,1,2,2132,317,2327,307,"WN","N427WN",912,"SEA","OAK",94,672,21,32
2014,1,2,2133,-7,2314,-12,"AS","N538AS",372,"SEA","SMF",77,605,21,33
2014,1,2,2140,0,13,-1,"AS","N563AS",450,"SEA","LAX",123,954,21,40
2014,1,2,2159,-1,102,10,"AS","N403AS",117,"SEA","ANC",222,1448,21,59
2014,1,2,2207,2,645,5,"AA","N624AA",1070,"SEA","MIA",315,2724,22,7
2014,1,2,2217,-8,126,1,"AS","N590AS",145,"PDX","ANC",232,1542,22,17
2014,1,2,2217,-3,2252,-5,"OO","N229SW",5440,"PDX","RDM",28,116,22,17
2014,1,2,2218,-7,553,-27,"US","N570UW",467,"PDX","CLT",257,2282,22,18
2014,1,2,2222,-3,2308,3,"OO","N294SW",5353,"PDX","EUG",32,106,22,22
2014,1,2,2226,-4,2331,-10,"OO","N585SW",5437,"PDX","LMT",51,241,22,26
2014,1,2,2227,2,604,-5,"US","N184US",1944,"SEA","CLT",255,2279,22,27
2014,1,2,2254,5,435,-12,"UA","N37409",1617,"SEA","ORD",191,1721,22,54
2014,1,2,2255,15,615,5,"DL","N139DL",2188,"SEA","ATL",237,2182,22,55
2014,1,2,2256,-4,219,34,"AS","N407AS",103,"SEA","ANC",234,1448,22,56
2014,1,2,2258,-2,2348,-10,"AS","N624AS",698,"SEA","GEG",36,224,22,58
2014,1,2,2304,194,104,194,"WN","N456WN",304,"SEA","OAK",95,672,23,4
2014,1,2,2305,33,503,25,"UA","N37252",1129,"SEA","IAH",215,1874,23,5
2014,1,2,2307,110,1213,NA,"B6","N635JB",1206,"PDX","JFK",NA,2454,23,7
2014,1,2,2307,-8,606,-22,"DL","N329NW",2037,"SEA","CVG",221,1965,23,7
2014,1,2,2315,10,213,3,"AS","N612AS",125,"SEA","FAI",225,1533,23,15
2014,1,2,2319,34,634,27,"DL","N807DN",503,"PDX","ATL",243,2172,23,19
2014,1,2,2320,0,453,-7,"AA","N3JBAA",1230,"SEA","DFW",194,1660,23,20
2014,1,2,2339,129,140,129,"AS","N611AS",624,"PDX","LAS",102,763,23,39
2014,1,2,2341,-9,511,-24,"AS","N423AS",660,"SEA","DFW",189,1660,23,41
2014,1,2,2346,-4,250,8,"AS","N764AS",121,"SEA","ANC",229,1448,23,46
2014,1,2,2352,-7,517,-38,"UA","N454UA",686,"SEA","ORD",184,1721,23,52
2014,1,2,2358,92,831,140,"UA","N18243",1676,"SEA","IAD",259,2306,23,58
2014,1,2,2359,27,702,14,"UA","N24706",1236,"SEA","CLE",222,2021,23,59
2014,1,2,NA,NA,NA,NA,"AS","N403AS",14,"SEA","EWR",NA,2402,NA,NA
2014,1,2,NA,NA,NA,NA,"AS","N549AS",24,"SEA","BOS",NA,2496,NA,NA
2014,1,2,NA,NA,NA,NA,"B6","N794JB",598,"SEA","BOS",NA,2496,NA,NA
2014,1,2,NA,NA,NA,NA,"B6","N623JB",498,"SEA","BOS",NA,2496,NA,NA
2014,1,2,NA,NA,NA,NA,"UA","",212,"SEA","EWR",NA,2402,NA,NA
2014,1,2,NA,NA,NA,NA,"UA","",583,"PDX","EWR",NA,2434,NA,NA
2014,1,2,NA,NA,NA,NA,"UA","",1647,"PDX","ORD",NA,1739,NA,NA
2014,1,2,NA,NA,NA,NA,"UA","",1710,"SEA","EWR",NA,2402,NA,NA
2014,1,2,NA,NA,NA,NA,"UA","",817,"SEA","EWR",NA,2402,NA,NA
2014,1,2,NA,NA,NA,NA,"UA","",1188,"SEA","ORD",NA,1721,NA,NA
2014,1,3,4,-6,733,-28,"US","N567UW",1830,"SEA","CLT",249,2279,0,4
2014,1,3,22,26,607,5,"UA","N27733",1672,"SEA","IAH",203,1874,0,22
2014,1,3,31,196,245,189,"AS","N513AS",618,"SEA","LAS",108,867,0,31
2014,1,3,33,283,210,260,"WN","N657SW",304,"SEA","OAK",87,672,0,33
2014,1,3,42,43,626,31,"UA","N431UA",686,"SEA","ORD",195,1721,0,42
2014,1,3,51,56,626,36,"UA","N498UA",758,"PDX","IAH",199,1825,0,51
2014,1,3,55,0,554,-11,"DL","N584NW",1679,"PDX","MSP",161,1426,0,55
2014,1,3,108,31,551,8,"DL","N3742C",2092,"SEA","MSP",148,1399,1,8
2014,1,3,516,-5,722,-14,"OO","N932SW",5639,"SEA","SFO",94,679,5,16
2014,1,3,517,-3,848,-18,"US","N626AW",460,"SEA","PHX",132,1107,5,17
2014,1,3,517,-8,840,-15,"US","N828AW",649,"PDX","PHX",123,1009,5,17
2014,1,3,524,4,845,-8,"UA","N71411",1539,"SEA","DEN",120,1024,5,24
2014,1,3,527,-3,1122,-11,"UA","N844UA",275,"PDX","IAH",216,1825,5,27
2014,1,3,533,-2,721,-5,"UA","N36272",1209,"PDX","SFO",83,550,5,33
2014,1,3,534,-1,1346,6,"UA","N574UA",261,"SEA","EWR",287,2402,5,34
2014,1,3,540,0,853,-14,"UA","N38417",1569,"PDX","DEN",115,991,5,40
2014,1,3,544,-6,841,-12,"DL","N665DN",1634,"SEA","SLC",85,689,5,44
2014,1,3,550,-10,904,-21,"F9","N221FR",796,"PDX","DEN",117,991,5,50
2014,1,3,551,-9,734,-9,"AS","N703AS",406,"PDX","SJC",81,569,5,51
2014,1,3,554,-6,800,-21,"AS","N552AS",604,"SEA","LAS",113,867,5,54
2014,1,3,554,-11,911,-27,"F9","N220FR",144,"SEA","DEN",117,1024,5,54
2014,1,3,555,-5,800,-3,"AS","N431AS",200,"SEA","SJC",95,697,5,55
2014,1,3,556,-4,855,7,"DL","N652DL",1831,"PDX","SLC",94,630,5,56
2014,1,3,557,-3,936,46,"AS","N588AS",81,"SEA","ANC",259,1448,5,57
2014,1,3,558,-7,748,-24,"AS","N508AS",344,"SEA","OAK",92,672,5,58
2014,1,3,558,-8,1140,-22,"UA","N493UA",474,"SEA","ORD",193,1721,5,58
2014,1,3,559,-1,1137,-13,"AA","N3EEAA",1094,"SEA","DFW",189,1660,5,59
2014,1,3,559,-1,737,-8,"WN","N764SW",1461,"PDX","OAK",79,543,5,59
2014,1,3,600,0,921,-9,"WN","N268WN",1927,"PDX","PHX",125,1009,6,0
2014,1,3,601,-4,1135,-22,"UA","N87507",1573,"PDX","ORD",193,1739,6,1
2014,1,3,604,-1,930,-10,"WN","N467WN",145,"SEA","DEN",119,1024,6,4
2014,1,3,605,-5,754,-31,"AS","N548AS",308,"SEA","SFO",94,679,6,5
2014,1,3,605,-5,848,-2,"AS","N317AS",426,"SEA","LAX",129,954,6,5
2014,1,3,609,-6,836,-26,"AS","N513AS",494,"SEA","SAN",131,1050,6,9
2014,1,3,609,-6,845,-7,"AS","N627AS",524,"SEA","SNA",132,978,6,9
2014,1,3,615,5,1211,-11,"UA","N68453",1227,"SEA","IAH",215,1874,6,15
2014,1,3,617,-3,1143,-22,"AA","N4YLAA",1650,"PDX","DFW",189,1616,6,17
2014,1,3,621,-1,916,11,"OO","N810SK",4693,"SEA","LAX",127,954,6,21
2014,1,3,626,-4,1350,-7,"DL","N3738B",1156,"PDX","ATL",248,2172,6,26
2014,1,3,628,-2,1350,-18,"DL","N681DA",968,"SEA","ATL",242,2182,6,28
2014,1,3,629,-11,957,-11,"AS","N754AS",646,"PDX","PHX",127,1009,6,29
2014,1,3,629,-1,811,-5,"UA","N77258",1621,"PDX","SFO",83,550,6,29
2014,1,3,630,-10,836,-12,"OO","N218AG",3456,"PDX","BUR",102,817,6,30
2014,1,3,631,-9,855,-20,"AS","N609AS",556,"SEA","PSP",126,987,6,31
2014,1,3,634,19,819,-1,"VX","N521VA",751,"SEA","SFO",89,679,6,34
2014,1,3,637,-3,853,-10,"AS","N315AS",232,"PDX","SAN",115,933,6,37
2014,1,3,637,-8,931,23,"OO","N814SK",4692,"PDX","LAX",110,834,6,37
2014,1,3,637,9,1421,9,"UA","N553UA",250,"PDX","IAD",258,2327,6,37
2014,1,3,638,-2,1210,-16,"AS","N546AS",668,"SEA","DFW",193,1660,6,38
2014,1,3,644,-6,1002,-17,"AS","N527AS",682,"SEA","DEN",118,1024,6,44
2014,1,3,644,-1,842,-8,"WN","N723SW",247,"PDX","LAS",102,763,6,44
2014,1,3,644,-1,817,-18,"WN","N623SW",2537,"SEA","SMF",76,605,6,44
2014,1,3,650,-10,826,-19,"VX","N528VA",805,"PDX","SFO",82,550,6,50
2014,1,3,651,-4,1135,-37,"AS","N435AS",36,"SEA","MSP",153,1399,6,51
2014,1,3,653,-7,912,-9,"AS","N644AS",582,"PDX","SNA",114,859,6,53
2014,1,3,656,-4,1156,-24,"DL","N940DN",2090,"PDX","MSP",161,1426,6,56
2014,1,3,656,-4,1149,-21,"DL","N810DN",2314,"SEA","MSP",158,1399,6,56
2014,1,3,657,-13,913,-15,"AS","N409AS",222,"SEA","SFO",95,679,6,57
2014,1,3,659,-1,1232,-38,"AA","N3JJAA",2218,"PDX","ORD",194,1739,6,59
2014,1,3,659,-6,903,-16,"OO","N223AG",3460,"PDX","ONT",107,838,6,59
2014,1,3,703,-2,915,-9,"AS","N622AS",606,"SEA","LAS",112,867,7,3
2014,1,3,705,0,828,18,"AS","N755AS",65,"SEA","KTN",123,680,7,5
2014,1,3,705,-5,920,0,"AS","N529AS",332,"SEA","SJC",100,697,7,5
2014,1,3,706,-4,1235,-30,"AA","N3HYAA",1308,"SEA","DFW",190,1660,7,6
2014,1,3,706,6,1104,-16,"AS","N514AS",833,"PDX","HNL",343,2603,7,6
2014,1,3,706,1,935,-5,"VX","N623VA",1780,"SEA","LAX",128,954,7,6
2014,1,3,707,-3,1508,-6,"DL","N372DA",2258,"PDX","JFK",263,2454,7,7
2014,1,3,708,-12,1044,-24,"AS","N549AS",642,"SEA","PHX",131,1107,7,8
2014,1,3,708,8,1659,112,"DL","N718TW",418,"SEA","JFK",267,2422,7,8
2014,1,3,709,-1,1000,18,"OO","N216AG",3472,"SEA","LGB",154,965,7,9
2014,1,3,710,-5,955,1,"AS","N307AS",478,"SEA","LAX",127,954,7,10
2014,1,3,712,-3,919,-8,"AS","N791AS",244,"PDX","SFO",83,550,7,12
2014,1,3,713,23,952,27,"AS","N413AS",470,"SEA","LAX",120,954,7,13
2014,1,3,714,-1,908,8,"AS","N506AS",805,"SEA","SMF",76,605,7,14
2014,1,3,715,0,913,-5,"AS","N619AS",626,"PDX","LAS",99,763,7,15
2014,1,3,718,18,1003,-2,"AS","N523AS",726,"SEA","SLC",81,689,7,18
2014,1,3,718,18,1100,15,"WN","N8613K",669,"SEA","PHX",131,1107,7,18
2014,1,3,719,-1,1107,-35,"AS","N565AS",855,"PDX","KOA",335,2607,7,19
2014,1,3,720,5,1411,-18,"DL","N3766",822,"SEA","DTW",210,1927,7,20
2014,1,3,722,-3,951,-14,"AS","N713AS",240,"SEA","SAN",134,1050,7,22
2014,1,3,722,37,947,42,"AS","N408AS",560,"PDX","LAX",110,834,7,22
2014,1,3,726,-4,945,-13,"AS","N305AS",530,"SEA","ONT",117,956,7,26
2014,1,3,726,1,1055,-5,"WN","N646SW",2181,"SEA","DEN",121,1024,7,26
2014,1,3,727,-3,928,-19,"UA","N544UA",434,"SEA","SFO",96,679,7,27
2014,1,3,732,17,1023,6,"DL","N371NB",2397,"SEA","SLC",89,689,7,32
2014,1,3,743,103,1330,80,"AA","N3KYAA",2240,"SEA","ORD",196,1721,7,43
2014,1,3,744,-1,854,14,"OO","N582SW",5379,"PDX","SEA",47,129,7,44
2014,1,3,747,7,1311,-9,"WN","N968WN",3872,"SEA","MKE",186,1694,7,47
2014,1,3,750,5,941,-9,"WN","N233LV",402,"SEA","OAK",97,672,7,50
2014,1,3,751,1,927,-13,"WN","N483WN",373,"PDX","SJC",83,569,7,51
2014,1,3,755,-5,1017,-8,"AS","N786AS",568,"PDX","LAX",112,834,7,55
2014,1,3,757,-3,1624,4,"AS","N551AS",16,"SEA","MCO",302,2554,7,57
2014,1,3,758,-7,1330,-20,"AA","N4WJAA",1220,"PDX","DFW",187,1616,7,58
2014,1,3,759,-1,1117,28,"AS","N760AS",83,"SEA","ANC",238,1448,7,59
2014,1,3,759,4,1015,-1,"AS","N624AS",522,"SEA","BUR",117,937,7,59
2014,1,3,800,5,950,10,"AS","N765AS",61,"SEA","JNU",157,909,8,0
2014,1,3,803,-2,1538,-12,"AS","N597AS",742,"SEA","ATL",249,2182,8,3
2014,1,3,803,-2,939,-11,"WN","N552WN",48,"PDX","OAK",84,543,8,3
2014,1,3,804,-6,1022,-7,"AS","N585AS",600,"SEA","LAS",114,867,8,4
2014,1,3,805,-5,1548,-18,"AS","N526AS",4,"SEA","DCA",262,2329,8,5
2014,1,3,810,-1,1546,-14,"UA","N514UA",262,"SEA","IAD",254,2306,8,10
2014,1,3,811,-4,1323,-10,"DL","N924DN",2154,"PDX","MSP",175,1426,8,11
2014,1,3,819,-6,1325,-18,"DL","N593NW",895,"SEA","MSP",156,1399,8,19
2014,1,3,821,-9,1200,-18,"US","N625AW",440,"SEA","PHX",130,1107,8,21
2014,1,3,822,2,1359,-31,"AA","N3DRAA",1236,"SEA","ORD",194,1721,8,22
2014,1,3,822,-8,1402,-19,"AS","N440AS",28,"SEA","ORD",194,1721,8,22
2014,1,3,822,-8,1230,-20,"AS","N583AS",861,"SEA","OGG",351,2640,8,22
2014,1,3,824,-1,1548,-13,"DL","N6703D",128,"SEA","ATL",241,2182,8,24
2014,1,3,826,1,1057,-8,"OO","N625CA",4597,"SEA","LAX",124,954,8,26
2014,1,3,828,-2,1408,-7,"AA","N3DXAA",312,"SEA","DFW",190,1660,8,28
2014,1,3,834,-1,1059,-15,"AS","N625AS",502,"SEA","SNA",126,978,8,34
2014,1,3,839,-1,1706,-17,"AS","N531AS",34,"SEA","FLL",312,2717,8,39
2014,1,3,839,4,1343,-17,"WN","N231WN",41,"SEA","MCI",169,1489,8,39
2014,1,3,848,-2,1332,7,"AS","N559AS",875,"SEA","LIH",369,2701,8,48
2014,1,3,852,27,1439,9,"UA","N37413",1510,"PDX","IAH",212,1825,8,52
2014,1,3,853,3,1148,38,"WN","N8319F",3427,"SEA","LAS",112,867,8,53
2014,1,3,857,-3,1101,-19,"AS","N442AS",614,"SEA","LAS",108,867,8,57
2014,1,3,858,8,1130,0,"WN","N456WN",223,"PDX","SLC",81,630,8,58
2014,1,3,859,-1,1135,-3,"AS","N767AS",456,"SEA","LAX",120,954,8,59
2014,1,3,902,-8,1132,-15,"AS","N613AS",558,"SEA","PSP",126,987,9,2
2014,1,3,906,1,1656,-18,"AS","N419AS",8,"SEA","EWR",269,2402,9,6
2014,1,3,911,-4,1239,-26,"OO","N215AG",3466,"PDX","TUS",135,1119,9,11
2014,1,3,914,24,1330,55,"WN","N687SW",445,"SEA","ABQ",138,1180,9,14
2014,1,3,918,-2,1644,-1,"DL","N3747D",1940,"PDX","ATL",253,2172,9,18
2014,1,3,919,20,1457,5,"UA","N37437",1444,"SEA","ORD",193,1721,9,19
2014,1,3,922,-3,1720,-15,"AS","N593AS",30,"PDX","BOS",279,2537,9,22
2014,1,3,924,3,1024,8,"OO","N294SW",5428,"PDX","SEA",44,129,9,24
2014,1,3,928,-7,1028,4,"OO","N582SW",5438,"SEA","PDX",39,129,9,28
2014,1,3,933,3,1119,-4,"OO","N758SK",5196,"PDX","SFO",79,550,9,33
2014,1,3,940,-5,1315,-20,"AS","N792AS",644,"SEA","PHX",134,1107,9,40
2014,1,3,947,-3,1140,-15,"VX","N530VA",753,"SEA","SFO",95,679,9,47
2014,1,3,948,-7,1214,4,"UA","N427UA",698,"SEA","SFO",94,679,9,48
2014,1,3,949,-1,1718,-17,"AS","N570AS",752,"PDX","ATL",248,2172,9,49
2014,1,3,950,-5,1307,-20,"AS","N607AS",680,"SEA","DEN",119,1024,9,50
2014,1,3,951,-4,1229,-8,"AS","N318AS",238,"SEA","SAN",141,1050,9,51
2014,1,3,955,0,1148,-18,"AS","N796AS",314,"SEA","SFO",97,679,9,55
2014,1,3,957,7,1334,36,"AS","N769AS",131,"PDX","ANC",256,1542,9,57
2014,1,3,957,-3,1147,-15,"AS","N519AS",346,"SEA","OAK",97,672,9,57
2014,1,3,1001,6,1735,-5,"AS","N520AS",764,"PDX","DCA",262,2350,10,1
2014,1,3,1004,4,1411,1,"HA","N390HA",29,"SEA","OGG",337,2640,10,4
2014,1,3,1005,0,1222,-1,"AS","N615AS",580,"PDX","SNA",115,859,10,5
2014,1,3,1013,-2,1425,5,"HA","N391HA",25,"PDX","HNL",340,2603,10,13
2014,1,3,1016,-4,1622,-5,"AS","N407AS",730,"SEA","IAH",219,1874,10,16
2014,1,3,1017,7,1558,-8,"AS","N611AS",686,"PDX","ORD",199,1739,10,17
2014,1,3,1017,37,1707,13,"DL","N355NW",2424,"SEA","DTW",208,1927,10,17
2014,1,3,1019,4,1248,-8,"DL","N302NB",2189,"PDX","SLC",76,630,10,19
2014,1,3,1021,6,1509,29,"AS","N589AS",843,"SEA","KOA",361,2688,10,21
2014,1,3,1023,8,1546,-18,"AS","N579AS",658,"PDX","DFW",183,1616,10,23
2014,1,3,1024,-6,1344,-13,"AS","N528AS",640,"PDX","PHX",123,1009,10,24
2014,1,3,1026,10,1259,-10,"DL","N390DA",1857,"SEA","SLC",79,689,10,26
2014,1,3,1027,2,1221,-9,"WN","N794SW",292,"SEA","SJC",98,697,10,27
2014,1,3,1029,-1,1439,-6,"AS","N594AS",803,"PDX","LIH",352,2631,10,29
2014,1,3,1031,1,1529,-21,"AS","N323AS",762,"SEA","MCI",161,1489,10,31
2014,1,3,1032,3,1255,-3,"OO","N479CA",6518,"PDX","LAX",114,834,10,32
2014,1,3,1033,-2,1453,-12,"AS","N557AS",851,"SEA","HNL",357,2677,10,33
2014,1,3,1036,-4,1524,-21,"OO","N217AG",3468,"SEA","OMA",151,1368,10,36
2014,1,3,1039,-3,1132,1,"OO","N294SW",5325,"SEA","PDX",32,129,10,39
2014,1,3,1041,-4,1254,-29,"AS","N320AS",460,"SEA","LAX",116,954,10,41
2014,1,3,1044,119,1634,114,"UA","N39461",1142,"PDX","ORD",193,1739,10,44
2014,1,3,1050,0,1311,-16,"OO","N807SK",4613,"SEA","LAX",121,954,10,50
2014,1,3,1053,-2,1313,-20,"AS","N568AS",498,"SEA","SAN",128,1050,10,53
2014,1,3,1053,-7,1253,-20,"AS","N703AS",564,"PDX","LAX",107,834,10,53
2014,1,3,1053,14,1416,8,"F9","N216FR",138,"SEA","DEN",121,1024,10,53
2014,1,3,1054,-1,1312,-13,"VX","N854VA",784,"SEA","LAX",122,954,10,54
2014,1,3,1055,20,1351,26,"AS","N566AS",127,"SEA","ANC",220,1448,10,55
2014,1,3,1103,-4,1204,2,"OO","N290SW",5397,"PDX","SEA",47,129,11,3
2014,1,3,1104,9,1428,1,"UA","N36207",1117,"SEA","DEN",120,1024,11,4
2014,1,3,1106,91,1904,69,"AS","N569AS",12,"SEA","BOS",273,2496,11,6
2014,1,3,1107,22,1423,18,"F9","N218FR",788,"PDX","DEN",115,991,11,7
2014,1,3,1110,20,1613,8,"WN","N407WN",899,"PDX","MCI",172,1482,11,10
2014,1,3,1112,10,1652,-3,"UA","N35407",1599,"SEA","ORD",199,1721,11,12
2014,1,3,1115,-5,1522,-13,"AS","N586AS",809,"PDX","OGG",345,2562,11,15
2014,1,3,1118,-2,1304,7,"AS","N797AS",75,"SEA","JNU",150,909,11,18
2014,1,3,1124,24,1324,4,"AS","N618AS",316,"SEA","SFO",98,679,11,24
2014,1,3,1124,34,1334,20,"OO","N594SW",3482,"SEA","SBA",113,908,11,24
2014,1,3,1124,-1,1439,-15,"US","N806AW",634,"PDX","PHX",121,1009,11,24